// Generated by tools/make_screen_icon.swift from the app icon; don't edit.
// Regenerate with: swift tools/make_screen_icon.swift > src/AppIcon.h

#pragma once

#include <cstdint>

// Square RGB888 bitmaps, top row first, on black.

constexpr int kAppIconSmallSize = 46;
constexpr uint8_t kAppIconSmall[] = {
	0x00, 0x00, 0x00, 0x00, 0x00, 0x00, 0x00, 0x00, 0x00, 0x00, 0x00, 0x00, 0x00, 0x00, 0x00, 0x00,
	0x00, 0x00, 0x07, 0x07, 0x08, 0x11, 0x11, 0x12, 0x19, 0x19, 0x1b, 0x1d, 0x1d, 0x1f, 0x1e, 0x1e,
	0x21, 0x1e, 0x1e, 0x21, 0x1e, 0x1e, 0x21, 0x1e, 0x1e, 0x21, 0x1e, 0x1e, 0x21, 0x1e, 0x1e, 0x21,
	0x1e, 0x1e, 0x21, 0x1e, 0x1e, 0x21, 0x1e, 0x1e, 0x21, 0x1e, 0x1e, 0x21, 0x1e, 0x1e, 0x21, 0x1e,
	0x1e, 0x21, 0x1e, 0x1e, 0x21, 0x1e, 0x1e, 0x21, 0x1e, 0x1e, 0x21, 0x1e, 0x1e, 0x21, 0x1e, 0x1e,
	0x21, 0x1e, 0x1e, 0x21, 0x1e, 0x1e, 0x21, 0x1e, 0x1e, 0x21, 0x1e, 0x1e, 0x21, 0x1e, 0x1e, 0x21,
	0x1e, 0x1e, 0x21, 0x1e, 0x1e, 0x21, 0x1e, 0x1e, 0x21, 0x1e, 0x1e, 0x21, 0x1d, 0x1d, 0x1f, 0x19,
	0x19, 0x1b, 0x11, 0x11, 0x12, 0x07, 0x07, 0x08, 0x00, 0x00, 0x00, 0x00, 0x00, 0x00, 0x00, 0x00,
	0x00, 0x00, 0x00, 0x00, 0x00, 0x00, 0x00, 0x00, 0x00, 0x00, 0x00, 0x00, 0x00, 0x00, 0x00, 0x00,
	0x00, 0x00, 0x00, 0x00, 0x00, 0x00, 0x06, 0x06, 0x06, 0x16, 0x16, 0x18, 0x1e, 0x1e, 0x20, 0x1e,
	0x1e, 0x20, 0x1e, 0x1e, 0x21, 0x1e, 0x1e, 0x21, 0x1e, 0x1e, 0x20, 0x1e, 0x1e, 0x20, 0x1e, 0x1e,
	0x21, 0x1e, 0x1e, 0x20, 0x1e, 0x1e, 0x20, 0x1e, 0x1e, 0x20, 0x1e, 0x1e, 0x21, 0x1e, 0x1e, 0x20,
	0x1e, 0x1e, 0x21, 0x1e, 0x1e, 0x21, 0x1e, 0x1e, 0x20, 0x1e, 0x1e, 0x20, 0x1e, 0x1e, 0x21, 0x1e,
	0x1e, 0x20, 0x1e, 0x1e, 0x20, 0x1e, 0x1e, 0x21, 0x1e, 0x1e, 0x21, 0x1e, 0x1e, 0x20, 0x1e, 0x1e,
	0x20, 0x1e, 0x1e, 0x20, 0x1e, 0x1e, 0x21, 0x1e, 0x1e, 0x21, 0x1e, 0x1e, 0x21, 0x1e, 0x1e, 0x21,
	0x1e, 0x1e, 0x20, 0x1e, 0x1e, 0x20, 0x1e, 0x1e, 0x21, 0x1e, 0x1e, 0x20, 0x1e, 0x1e, 0x20, 0x1e,
	0x1e, 0x21, 0x16, 0x16, 0x18, 0x06, 0x06, 0x06, 0x00, 0x00, 0x00, 0x00, 0x00, 0x00, 0x00, 0x00,
	0x00, 0x00, 0x00, 0x00, 0x00, 0x00, 0x00, 0x00, 0x00, 0x00, 0x00, 0x00, 0x00, 0x0a, 0x0a, 0x0b,
	0x1c, 0x1c, 0x1f, 0x1d, 0x1d, 0x20, 0x1d, 0x1d, 0x20, 0x1d, 0x1d, 0x20, 0x1d, 0x1d, 0x20, 0x1d,
	0x1d, 0x20, 0x1d, 0x1d, 0x20, 0x1d, 0x1d, 0x20, 0x1d, 0x1d, 0x20, 0x1d, 0x1d, 0x20, 0x1d, 0x1d,
	0x20, 0x1d, 0x1d, 0x20, 0x1d, 0x1d, 0x20, 0x1d, 0x1d, 0x20, 0x1d, 0x1d, 0x20, 0x1d, 0x1d, 0x20,
	0x1d, 0x1d, 0x20, 0x1d, 0x1d, 0x20, 0x1d, 0x1d, 0x20, 0x1d, 0x1d, 0x20, 0x1d, 0x1d, 0x20, 0x1d,
	0x1d, 0x20, 0x1d, 0x1d, 0x20, 0x1d, 0x1d, 0x20, 0x1d, 0x1d, 0x20, 0x1d, 0x1d, 0x20, 0x1d, 0x1d,
	0x20, 0x1d, 0x1d, 0x20, 0x1d, 0x1d, 0x20, 0x1d, 0x1d, 0x20, 0x1d, 0x1d, 0x20, 0x1d, 0x1d, 0x20,
	0x1d, 0x1d, 0x20, 0x1d, 0x1d, 0x20, 0x1d, 0x1d, 0x20, 0x1d, 0x1d, 0x20, 0x1d, 0x1d, 0x20, 0x1c,
	0x1c, 0x1f, 0x0a, 0x0a, 0x0b, 0x00, 0x00, 0x00, 0x00, 0x00, 0x00, 0x00, 0x00, 0x00, 0x00, 0x00,
	0x00, 0x00, 0x00, 0x00, 0x0a, 0x0a, 0x0b, 0x1d, 0x1d, 0x20, 0x1d, 0x1d, 0x1f, 0x1d, 0x1d, 0x20,
	0x1d, 0x1d, 0x20, 0x1d, 0x1d, 0x1f, 0x1d, 0x1d, 0x20, 0x1d, 0x1d, 0x20, 0x1d, 0x1d, 0x1f, 0x1d,
	0x1d, 0x20, 0x1d, 0x1d, 0x20, 0x1d, 0x1d, 0x1f, 0x1d, 0x1d, 0x20, 0x1d, 0x1d, 0x20, 0x1d, 0x1d,
	0x20, 0x1d, 0x1d, 0x20, 0x1d, 0x1d, 0x20, 0x1d, 0x1d, 0x20, 0x1d, 0x1d, 0x20, 0x1d, 0x1d, 0x1f,
	0x1d, 0x1d, 0x20, 0x1d, 0x1d, 0x20, 0x1d, 0x1d, 0x1f, 0x1d, 0x1d, 0x20, 0x1d, 0x1d, 0x20, 0x1d,
	0x1d, 0x1f, 0x1d, 0x1d, 0x20, 0x1d, 0x1d, 0x20, 0x1d, 0x1d, 0x20, 0x1d, 0x1d, 0x20, 0x1d, 0x1d,
	0x20, 0x1d, 0x1d, 0x20, 0x1d, 0x1d, 0x20, 0x1d, 0x1d, 0x1f, 0x1d, 0x1d, 0x20, 0x1d, 0x1d, 0x20,
	0x1d, 0x1d, 0x1f, 0x1d, 0x1d, 0x20, 0x1d, 0x1d, 0x20, 0x1d, 0x1d, 0x1f, 0x1d, 0x1d, 0x20, 0x0a,
	0x0a, 0x0b, 0x00, 0x00, 0x00, 0x00, 0x00, 0x00, 0x00, 0x00, 0x00, 0x05, 0x05, 0x06, 0x1b, 0x1b,
	0x1e, 0x1c, 0x1c, 0x1f, 0x1c, 0x1c, 0x1f, 0x1c, 0x1c, 0x1f, 0x1c, 0x1c, 0x1f, 0x1c, 0x1c, 0x1f,
	0x1c, 0x1c, 0x1f, 0x1c, 0x1c, 0x1f, 0x1c, 0x1c, 0x1f, 0x1c, 0x1c, 0x1f, 0x1c, 0x1c, 0x1f, 0x1c,
	0x1c, 0x1f, 0x1c, 0x1c, 0x1f, 0x1c, 0x1c, 0x1f, 0x1c, 0x1c, 0x1f, 0x1c, 0x1c, 0x1f, 0x1c, 0x1c,
	0x1f, 0x1c, 0x1c, 0x1f, 0x1c, 0x1c, 0x1f, 0x1c, 0x1c, 0x1f, 0x1c, 0x1c, 0x1f, 0x1c, 0x1c, 0x1f,
	0x1c, 0x1c, 0x1f, 0x1c, 0x1c, 0x1f, 0x1c, 0x1c, 0x1f, 0x1c, 0x1c, 0x1f, 0x1c, 0x1c, 0x1f, 0x1c,
	0x1c, 0x1f, 0x1c, 0x1c, 0x1f, 0x1c, 0x1c, 0x1f, 0x1c, 0x1c, 0x1f, 0x1c, 0x1c, 0x1f, 0x1c, 0x1c,
	0x1f, 0x1c, 0x1c, 0x1f, 0x1c, 0x1c, 0x1f, 0x1c, 0x1c, 0x1f, 0x1c, 0x1c, 0x1f, 0x1c, 0x1c, 0x1f,
	0x1c, 0x1c, 0x1f, 0x1c, 0x1c, 0x1f, 0x1c, 0x1c, 0x1f, 0x1b, 0x1b, 0x1e, 0x05, 0x05, 0x06, 0x00,
	0x00, 0x00, 0x00, 0x00, 0x00, 0x15, 0x15, 0x17, 0x1c, 0x1c, 0x1f, 0x1c, 0x1c, 0x1f, 0x1c, 0x1c,
	0x1f, 0x1c, 0x1c, 0x1f, 0x1c, 0x1c, 0x1f, 0x1c, 0x1c, 0x1f, 0x1c, 0x1c, 0x1f, 0x1c, 0x1c, 0x1f,
	0x1c, 0x1c, 0x1f, 0x1c, 0x1c, 0x1f, 0x1c, 0x1c, 0x1f, 0x1c, 0x1c, 0x1f, 0x1c, 0x1c, 0x1f, 0x1c,
	0x1c, 0x1e, 0x1c, 0x1c, 0x1f, 0x1c, 0x1c, 0x1f, 0x1c, 0x1c, 0x1f, 0x1c, 0x1c, 0x1f, 0x1c, 0x1c,
	0x1f, 0x1c, 0x1c, 0x1f, 0x1c, 0x1c, 0x1f, 0x1c, 0x1c, 0x1f, 0x1c, 0x1c, 0x1f, 0x1c, 0x1c, 0x1f,
	0x1c, 0x1c, 0x1f, 0x1c, 0x1c, 0x1f, 0x1c, 0x1c, 0x1f, 0x1c, 0x1c, 0x1e, 0x1c, 0x1c, 0x1f, 0x1c,
	0x1c, 0x1f, 0x1c, 0x1c, 0x1e, 0x1c, 0x1c, 0x1f, 0x1c, 0x1c, 0x1f, 0x1c, 0x1c, 0x1f, 0x1c, 0x1c,
	0x1f, 0x1c, 0x1c, 0x1f, 0x1c, 0x1c, 0x1f, 0x1c, 0x1c, 0x1f, 0x1c, 0x1c, 0x1f, 0x1c, 0x1c, 0x1f,
	0x1c, 0x1c, 0x1f, 0x1c, 0x1c, 0x1f, 0x15, 0x15, 0x16, 0x00, 0x00, 0x00, 0x06, 0x06, 0x07, 0x1b,
	0x1b, 0x1e, 0x1b, 0x1b, 0x1e, 0x1b, 0x1b, 0x1e, 0x1b, 0x1b, 0x1e, 0x1b, 0x1b, 0x1e, 0x1b, 0x1b,
	0x1e, 0x1b, 0x1b, 0x1e, 0x1b, 0x1b, 0x1e, 0x1b, 0x1b, 0x1e, 0x1b, 0x1b, 0x1e, 0x1b, 0x1b, 0x1e,
	0x1b, 0x1b, 0x1e, 0x1b, 0x1b, 0x1e, 0x1b, 0x1b, 0x1e, 0x1b, 0x1b, 0x1e, 0x1b, 0x1b, 0x1e, 0x1b,
	0x1b, 0x1e, 0x1b, 0x1b, 0x1e, 0x1b, 0x1b, 0x1e, 0x1b, 0x1b, 0x1e, 0x1b, 0x1b, 0x1e, 0x1b, 0x1b,
	0x1e, 0x1b, 0x1b, 0x1e, 0x1b, 0x1b, 0x1e, 0x1b, 0x1b, 0x1e, 0x1b, 0x1b, 0x1e, 0x1b, 0x1b, 0x1e,
	0x1b, 0x1b, 0x1e, 0x1b, 0x1b, 0x1e, 0x1b, 0x1b, 0x1e, 0x1b, 0x1b, 0x1e, 0x1b, 0x1b, 0x1e, 0x1b,
	0x1b, 0x1e, 0x1b, 0x1b, 0x1e, 0x1b, 0x1b, 0x1e, 0x1b, 0x1b, 0x1e, 0x1b, 0x1b, 0x1e, 0x1b, 0x1b,
	0x1e, 0x1b, 0x1b, 0x1e, 0x1b, 0x1b, 0x1e, 0x1b, 0x1b, 0x1e, 0x1b, 0x1b, 0x1e, 0x1b, 0x1b, 0x1e,
	0x1b, 0x1b, 0x1e, 0x06, 0x06, 0x07, 0x0f, 0x0f, 0x11, 0x1b, 0x1b, 0x1e, 0x1b, 0x1b, 0x1e, 0x1b,
	0x1b, 0x1e, 0x1b, 0x1b, 0x1e, 0x1b, 0x1b, 0x1e, 0x1b, 0x1b, 0x1e, 0x1b, 0x1b, 0x1e, 0x1b, 0x1b,
	0x1e, 0x1b, 0x1b, 0x1e, 0x1b, 0x1b, 0x1e, 0x1b, 0x1b, 0x1e, 0x1b, 0x1b, 0x1e, 0x1b, 0x1b, 0x1e,
	0x1b, 0x1b, 0x1e, 0x1b, 0x1b, 0x1e, 0x1b, 0x1b, 0x1e, 0x1b, 0x1b, 0x1e, 0x1b, 0x1b, 0x1e, 0x1b,
	0x1b, 0x1e, 0x1b, 0x1b, 0x1e, 0x1b, 0x1b, 0x1e, 0x1b, 0x1b, 0x1e, 0x1b, 0x1b, 0x1e, 0x1b, 0x1b,
	0x1e, 0x1b, 0x1b, 0x1e, 0x1b, 0x1b, 0x1e, 0x1b, 0x1b, 0x1e, 0x1b, 0x1b, 0x1e, 0x1b, 0x1b, 0x1e,
	0x1b, 0x1b, 0x1e, 0x1b, 0x1b, 0x1e, 0x1b, 0x1b, 0x1e, 0x1b, 0x1b, 0x1e, 0x1b, 0x1b, 0x1e, 0x1b,
	0x1b, 0x1e, 0x1b, 0x1b, 0x1e, 0x1b, 0x1b, 0x1e, 0x1b, 0x1b, 0x1e, 0x1b, 0x1b, 0x1e, 0x1b, 0x1b,
	0x1e, 0x1b, 0x1b, 0x1e, 0x1b, 0x1b, 0x1e, 0x1b, 0x1b, 0x1e, 0x1b, 0x1b, 0x1e, 0x0f, 0x0f, 0x11,
	0x15, 0x15, 0x18, 0x1a, 0x1a, 0x1d, 0x1a, 0x1a, 0x1d, 0x1a, 0x1a, 0x1d, 0x1a, 0x1a, 0x1d, 0x1a,
	0x1a, 0x1d, 0x1a, 0x1a, 0x1d, 0x1a, 0x1a, 0x1d, 0x1a, 0x1a, 0x1d, 0x1a, 0x1a, 0x1d, 0x1a, 0x1a,
	0x1d, 0x1a, 0x1a, 0x1d, 0x1a, 0x1a, 0x1d, 0x1a, 0x1a, 0x1d, 0x1a, 0x1a, 0x1d, 0x1a, 0x1a, 0x1d,
	0x1a, 0x1a, 0x1d, 0x1a, 0x1a, 0x1d, 0x1a, 0x1a, 0x1d, 0x1a, 0x1a, 0x1d, 0x1a, 0x1a, 0x1d, 0x1a,
	0x1a, 0x1d, 0x1a, 0x1a, 0x1d, 0x1a, 0x1a, 0x1d, 0x1a, 0x1a, 0x1d, 0x1a, 0x1a, 0x1d, 0x1a, 0x1a,
	0x1d, 0x1a, 0x1a, 0x1d, 0x1a, 0x1a, 0x1d, 0x1a, 0x1a, 0x1d, 0x1a, 0x1a, 0x1d, 0x1a, 0x1a, 0x1d,
	0x1a, 0x1a, 0x1d, 0x1a, 0x1a, 0x1d, 0x1a, 0x1a, 0x1d, 0x1a, 0x1a, 0x1d, 0x1a, 0x1a, 0x1d, 0x1a,
	0x1a, 0x1d, 0x1a, 0x1a, 0x1d, 0x1a, 0x1a, 0x1d, 0x1a, 0x1a, 0x1d, 0x1a, 0x1a, 0x1d, 0x1a, 0x1a,
	0x1d, 0x1a, 0x1a, 0x1d, 0x1a, 0x1a, 0x1d, 0x16, 0x16, 0x18, 0x19, 0x19, 0x1c, 0x1a, 0x1a, 0x1d,
	0x1a, 0x1a, 0x1d, 0x1a, 0x1a, 0x1d, 0x1a, 0x1a, 0x1d, 0x1a, 0x1a, 0x1d, 0x1a, 0x1a, 0x1d, 0x1a,
	0x1a, 0x1d, 0x1a, 0x1a, 0x1d, 0x1a, 0x1a, 0x1d, 0x1a, 0x1a, 0x1d, 0x1a, 0x1a, 0x1d, 0x1a, 0x1a,
	0x1d, 0x1a, 0x1a, 0x1d, 0x1a, 0x1a, 0x1d, 0x1a, 0x1a, 0x1d, 0x1a, 0x1a, 0x1d, 0x1a, 0x1a, 0x1d,
	0x1a, 0x1a, 0x1d, 0x1a, 0x1a, 0x1d, 0x1a, 0x1a, 0x1d, 0x1a, 0x1a, 0x1d, 0x1a, 0x1a, 0x1d, 0x1a,
	0x1a, 0x1d, 0x1a, 0x1a, 0x1d, 0x1a, 0x1a, 0x1d, 0x1a, 0x1a, 0x1d, 0x1a, 0x1a, 0x1d, 0x1a, 0x1a,
	0x1d, 0x1a, 0x1a, 0x1d, 0x1a, 0x1a, 0x1d, 0x1a, 0x1a, 0x1d, 0x1a, 0x1a, 0x1d, 0x1a, 0x1a, 0x1d,
	0x1a, 0x1a, 0x1d, 0x1a, 0x1a, 0x1d, 0x1a, 0x1a, 0x1d, 0x1a, 0x1a, 0x1d, 0x1a, 0x1a, 0x1d, 0x1a,
	0x1a, 0x1d, 0x1a, 0x1a, 0x1d, 0x1a, 0x1a, 0x1d, 0x1a, 0x1a, 0x1d, 0x1a, 0x1a, 0x1d, 0x1a, 0x1a,
	0x1d, 0x19, 0x19, 0x1c, 0x1a, 0x1a, 0x1c, 0x1a, 0x1a, 0x1c, 0x1a, 0x1a, 0x1c, 0x1a, 0x1a, 0x1c,
	0x1a, 0x1a, 0x1c, 0x19, 0x19, 0x1b, 0x18, 0x18, 0x1b, 0x19, 0x19, 0x1b, 0x19, 0x19, 0x1b, 0x19,
	0x19, 0x1b, 0x19, 0x19, 0x1b, 0x19, 0x19, 0x1b, 0x19, 0x19, 0x1b, 0x18, 0x18, 0x1b, 0x19, 0x19,
	0x1b, 0x1a, 0x1a, 0x1c, 0x1a, 0x1a, 0x1c, 0x1a, 0x1a, 0x1c, 0x19, 0x19, 0x1b, 0x18, 0x18, 0x1b,
	0x19, 0x19, 0x1b, 0x19, 0x19, 0x1b, 0x19, 0x19, 0x1b, 0x19, 0x19, 0x1b, 0x19, 0x19, 0x1b, 0x19,
	0x19, 0x1b, 0x18, 0x18, 0x1b, 0x19, 0x19, 0x1b, 0x1a, 0x1a, 0x1c, 0x1a, 0x1a, 0x1c, 0x1a, 0x1a,
	0x1c, 0x19, 0x19, 0x1b, 0x18, 0x18, 0x1b, 0x19, 0x19, 0x1b, 0x19, 0x19, 0x1b, 0x19, 0x19, 0x1b,
	0x19, 0x19, 0x1b, 0x19, 0x19, 0x1b, 0x19, 0x19, 0x1b, 0x18, 0x18, 0x1b, 0x19, 0x19, 0x1b, 0x1a,
	0x1a, 0x1c, 0x1a, 0x1a, 0x1c, 0x1a, 0x1a, 0x1c, 0x1a, 0x1a, 0x1c, 0x1a, 0x1a, 0x1c, 0x19, 0x19,
	0x1c, 0x19, 0x19, 0x1c, 0x19, 0x19, 0x1c, 0x19, 0x19, 0x1c, 0x18, 0x18, 0x1b, 0x1d, 0x1d, 0x20,
	0x2d, 0x2d, 0x31, 0x31, 0x31, 0x35, 0x31, 0x31, 0x34, 0x31, 0x31, 0x34, 0x31, 0x31, 0x34, 0x31,
	0x31, 0x34, 0x31, 0x31, 0x35, 0x2f, 0x2f, 0x32, 0x1f, 0x1f, 0x22, 0x18, 0x18, 0x1b, 0x19, 0x19,
	0x1c, 0x18, 0x18, 0x1b, 0x1e, 0x1e, 0x21, 0x2e, 0x2e, 0x31, 0x31, 0x31, 0x35, 0x31, 0x31, 0x34,
	0x31, 0x31, 0x34, 0x31, 0x31, 0x34, 0x31, 0x31, 0x34, 0x31, 0x31, 0x35, 0x2e, 0x2e, 0x31, 0x1e,
	0x1e, 0x21, 0x18, 0x18, 0x1b, 0x19, 0x19, 0x1c, 0x18, 0x18, 0x1b, 0x1f, 0x1f, 0x22, 0x2f, 0x2f,
	0x32, 0x31, 0x31, 0x35, 0x31, 0x31, 0x34, 0x31, 0x31, 0x34, 0x31, 0x31, 0x34, 0x31, 0x31, 0x34,
	0x31, 0x31, 0x35, 0x2d, 0x2d, 0x31, 0x1d, 0x1d, 0x20, 0x18, 0x18, 0x1b, 0x19, 0x19, 0x1c, 0x19,
	0x19, 0x1c, 0x19, 0x19, 0x1c, 0x19, 0x19, 0x1c, 0x19, 0x19, 0x1b, 0x19, 0x19, 0x1b, 0x19, 0x19,
	0x1b, 0x19, 0x19, 0x1b, 0x1a, 0x1a, 0x1c, 0x33, 0x33, 0x37, 0x3a, 0x3a, 0x3e, 0x39, 0x39, 0x3d,
	0x39, 0x39, 0x3d, 0x39, 0x39, 0x3d, 0x39, 0x39, 0x3d, 0x39, 0x39, 0x3d, 0x39, 0x39, 0x3d, 0x3a,
	0x3a, 0x3e, 0x36, 0x36, 0x3a, 0x1c, 0x1c, 0x1e, 0x18, 0x18, 0x1a, 0x1b, 0x1b, 0x1d, 0x35, 0x35,
	0x38, 0x3a, 0x3a, 0x3e, 0x39, 0x39, 0x3d, 0x39, 0x39, 0x3d, 0x39, 0x39, 0x3d, 0x39, 0x39, 0x3d,
	0x39, 0x39, 0x3d, 0x39, 0x39, 0x3d, 0x3a, 0x3a, 0x3e, 0x35, 0x35, 0x38, 0x1b, 0x1b, 0x1d, 0x18,
	0x18, 0x1a, 0x1c, 0x1c, 0x1e, 0x36, 0x36, 0x3a, 0x3a, 0x3a, 0x3e, 0x39, 0x39, 0x3d, 0x39, 0x39,
	0x3d, 0x39, 0x39, 0x3d, 0x39, 0x39, 0x3d, 0x39, 0x39, 0x3d, 0x39, 0x39, 0x3d, 0x3a, 0x3a, 0x3e,
	0x33, 0x33, 0x37, 0x1a, 0x1a, 0x1c, 0x19, 0x19, 0x1b, 0x19, 0x19, 0x1b, 0x19, 0x19, 0x1b, 0x19,
	0x19, 0x1b, 0x18, 0x18, 0x1b, 0x18, 0x18, 0x1b, 0x18, 0x18, 0x1b, 0x17, 0x17, 0x1a, 0x1e, 0x1e,
	0x21, 0x37, 0x37, 0x3b, 0x36, 0x36, 0x3a, 0x36, 0x36, 0x3a, 0x36, 0x36, 0x3a, 0x37, 0x37, 0x3a,
	0x36, 0x36, 0x3a, 0x36, 0x36, 0x3a, 0x37, 0x37, 0x3a, 0x36, 0x36, 0x3a, 0x38, 0x38, 0x3c, 0x22,
	0x22, 0x25, 0x16, 0x16, 0x18, 0x20, 0x20, 0x23, 0x38, 0x38, 0x3c, 0x36, 0x36, 0x3a, 0x36, 0x36,
	0x3a, 0x36, 0x36, 0x3a, 0x37, 0x37, 0x3a, 0x36, 0x36, 0x3a, 0x36, 0x36, 0x3a, 0x37, 0x37, 0x3a,
	0x36, 0x36, 0x3a, 0x38, 0x38, 0x3c, 0x20, 0x20, 0x23, 0x16, 0x16, 0x18, 0x22, 0x22, 0x25, 0x38,
	0x38, 0x3c, 0x36, 0x36, 0x3a, 0x36, 0x36, 0x3a, 0x36, 0x36, 0x3a, 0x37, 0x37, 0x3a, 0x36, 0x36,
	0x3a, 0x36, 0x36, 0x3a, 0x37, 0x37, 0x3a, 0x36, 0x36, 0x3a, 0x37, 0x37, 0x3b, 0x1f, 0x1f, 0x21,
	0x17, 0x17, 0x1a, 0x18, 0x18, 0x1b, 0x18, 0x18, 0x1b, 0x18, 0x18, 0x1b, 0x18, 0x18, 0x1a, 0x18,
	0x18, 0x1a, 0x18, 0x18, 0x1a, 0x17, 0x17, 0x19, 0x1e, 0x1e, 0x21, 0x36, 0x36, 0x39, 0x35, 0x35,
	0x38, 0x35, 0x35, 0x39, 0x35, 0x35, 0x39, 0x35, 0x35, 0x38, 0x35, 0x35, 0x39, 0x35, 0x35, 0x38,
	0x35, 0x35, 0x39, 0x35, 0x35, 0x38, 0x36, 0x36, 0x3a, 0x22, 0x22, 0x25, 0x16, 0x16, 0x18, 0x20,
	0x20, 0x23, 0x36, 0x36, 0x3a, 0x35, 0x35, 0x38, 0x35, 0x35, 0x39, 0x35, 0x35, 0x39, 0x35, 0x35,
	0x38, 0x35, 0x35, 0x39, 0x35, 0x35, 0x39, 0x35, 0x35, 0x39, 0x35, 0x35, 0x38, 0x36, 0x36, 0x3a,
	0x20, 0x20, 0x23, 0x16, 0x16, 0x18, 0x22, 0x22, 0x25, 0x36, 0x36, 0x3a, 0x35, 0x35, 0x38, 0x35,
	0x35, 0x39, 0x35, 0x35, 0x39, 0x35, 0x35, 0x38, 0x35, 0x35, 0x39, 0x35, 0x35, 0x39, 0x35, 0x35,
	0x39, 0x35, 0x35, 0x39, 0x36, 0x36, 0x39, 0x1e, 0x1e, 0x21, 0x17, 0x17, 0x19, 0x18, 0x18, 0x1a,
	0x18, 0x18, 0x1a, 0x18, 0x18, 0x1a, 0x17, 0x17, 0x1a, 0x17, 0x17, 0x1a, 0x17, 0x17, 0x1a, 0x17,
	0x17, 0x19, 0x1e, 0x1e, 0x20, 0x34, 0x34, 0x38, 0x33, 0x33, 0x37, 0x33, 0x33, 0x37, 0x33, 0x33,
	0x37, 0x33, 0x33, 0x37, 0x33, 0x33, 0x37, 0x33, 0x33, 0x37, 0x33, 0x33, 0x37, 0x33, 0x33, 0x37,
	0x35, 0x35, 0x38, 0x21, 0x21, 0x24, 0x15, 0x15, 0x17, 0x1f, 0x1f, 0x22, 0x34, 0x34, 0x38, 0x33,
	0x33, 0x37, 0x33, 0x33, 0x37, 0x33, 0x33, 0x37, 0x33, 0x33, 0x37, 0x33, 0x33, 0x37, 0x33, 0x33,
	0x37, 0x33, 0x33, 0x37, 0x33, 0x33, 0x37, 0x34, 0x34, 0x38, 0x1f, 0x1f, 0x22, 0x15, 0x15, 0x18,
	0x21, 0x21, 0x24, 0x35, 0x35, 0x38, 0x33, 0x33, 0x37, 0x33, 0x33, 0x37, 0x33, 0x33, 0x37, 0x33,
	0x33, 0x37, 0x33, 0x33, 0x37, 0x33, 0x33, 0x37, 0x33, 0x33, 0x37, 0x33, 0x33, 0x37, 0x34, 0x34,
	0x38, 0x1e, 0x1e, 0x20, 0x17, 0x17, 0x19, 0x17, 0x17, 0x1a, 0x17, 0x17, 0x1a, 0x17, 0x17, 0x1a,
	0x17, 0x17, 0x19, 0x17, 0x17, 0x19, 0x17, 0x17, 0x19, 0x16, 0x16, 0x18, 0x1d, 0x1d, 0x1f, 0x32,
	0x32, 0x36, 0x31, 0x31, 0x35, 0x32, 0x32, 0x35, 0x32, 0x32, 0x35, 0x31, 0x31, 0x35, 0x32, 0x32,
	0x35, 0x31, 0x31, 0x35, 0x32, 0x32, 0x35, 0x32, 0x32, 0x35, 0x33, 0x33, 0x37, 0x20, 0x20, 0x23,
	0x15, 0x15, 0x17, 0x1f, 0x1f, 0x21, 0x33, 0x33, 0x36, 0x31, 0x31, 0x35, 0x32, 0x32, 0x35, 0x32,
	0x32, 0x35, 0x31, 0x31, 0x35, 0x32, 0x32, 0x35, 0x32, 0x32, 0x35, 0x32, 0x32, 0x35, 0x32, 0x32,
	0x35, 0x33, 0x33, 0x36, 0x1f, 0x1f, 0x21, 0x15, 0x15, 0x17, 0x20, 0x20, 0x23, 0x33, 0x33, 0x37,
	0x31, 0x31, 0x35, 0x32, 0x32, 0x35, 0x32, 0x32, 0x35, 0x31, 0x31, 0x35, 0x32, 0x32, 0x35, 0x32,
	0x32, 0x35, 0x32, 0x32, 0x35, 0x32, 0x32, 0x35, 0x32, 0x32, 0x36, 0x1d, 0x1d, 0x1f, 0x16, 0x16,
	0x18, 0x17, 0x17, 0x19, 0x17, 0x17, 0x19, 0x17, 0x17, 0x19, 0x16, 0x16, 0x19, 0x16, 0x16, 0x19,
	0x16, 0x16, 0x19, 0x16, 0x16, 0x18, 0x1c, 0x1c, 0x1f, 0x31, 0x31, 0x34, 0x30, 0x30, 0x33, 0x30,
	0x30, 0x33, 0x30, 0x30, 0x33, 0x30, 0x30, 0x33, 0x30, 0x30, 0x33, 0x30, 0x30, 0x33, 0x30, 0x30,
	0x33, 0x30, 0x30, 0x33, 0x31, 0x31, 0x35, 0x1f, 0x1f, 0x22, 0x14, 0x14, 0x17, 0x1e, 0x1e, 0x20,
	0x31, 0x31, 0x35, 0x30, 0x30, 0x33, 0x30, 0x30, 0x33, 0x30, 0x30, 0x33, 0x30, 0x30, 0x33, 0x30,
	0x30, 0x33, 0x30, 0x30, 0x33, 0x30, 0x30, 0x33, 0x30, 0x30, 0x33, 0x31, 0x31, 0x35, 0x1e, 0x1e,
	0x20, 0x14, 0x14, 0x17, 0x20, 0x20, 0x22, 0x31, 0x31, 0x35, 0x30, 0x30, 0x33, 0x30, 0x30, 0x33,
	0x30, 0x30, 0x33, 0x30, 0x30, 0x33, 0x30, 0x30, 0x33, 0x30, 0x30, 0x33, 0x30, 0x30, 0x33, 0x30,
	0x30, 0x33, 0x31, 0x31, 0x34, 0x1c, 0x1c, 0x1f, 0x16, 0x16, 0x18, 0x16, 0x16, 0x19, 0x16, 0x16,
	0x19, 0x17, 0x17, 0x19, 0x16, 0x16, 0x18, 0x16, 0x16, 0x18, 0x16, 0x16, 0x18, 0x15, 0x15, 0x17,
	0x1c, 0x1c, 0x1e, 0x2f, 0x2f, 0x33, 0x2e, 0x2e, 0x32, 0x2e, 0x2e, 0x32, 0x2e, 0x2e, 0x32, 0x2e,
	0x2e, 0x32, 0x2e, 0x2e, 0x32, 0x2e, 0x2e, 0x32, 0x2e, 0x2e, 0x32, 0x2e, 0x2e, 0x32, 0x30, 0x30,
	0x33, 0x1f, 0x1f, 0x21, 0x14, 0x14, 0x16, 0x1d, 0x1d, 0x20, 0x30, 0x30, 0x33, 0x2e, 0x2e, 0x32,
	0x2e, 0x2e, 0x32, 0x2e, 0x2e, 0x32, 0x2e, 0x2e, 0x32, 0x2e, 0x2e, 0x32, 0x2e, 0x2e, 0x32, 0x2e,
	0x2e, 0x32, 0x2e, 0x2e, 0x32, 0x30, 0x30, 0x33, 0x1d, 0x1d, 0x20, 0x14, 0x14, 0x16, 0x1f, 0x1f,
	0x21, 0x30, 0x30, 0x33, 0x2e, 0x2e, 0x32, 0x2e, 0x2e, 0x32, 0x2e, 0x2e, 0x32, 0x2e, 0x2e, 0x32,
	0x2e, 0x2e, 0x32, 0x2e, 0x2e, 0x32, 0x2e, 0x2e, 0x32, 0x2e, 0x2e, 0x32, 0x2f, 0x2f, 0x33, 0x1c,
	0x1c, 0x1e, 0x15, 0x15, 0x17, 0x16, 0x16, 0x18, 0x16, 0x16, 0x18, 0x16, 0x16, 0x18, 0x16, 0x16,
	0x18, 0x16, 0x16, 0x18, 0x16, 0x16, 0x18, 0x15, 0x15, 0x17, 0x1b, 0x1b, 0x1d, 0x2e, 0x2e, 0x31,
	0x2d, 0x2d, 0x30, 0x2d, 0x2d, 0x30, 0x2d, 0x2d, 0x30, 0x2d, 0x2d, 0x30, 0x2d, 0x2d, 0x30, 0x2d,
	0x2d, 0x30, 0x2d, 0x2d, 0x30, 0x2d, 0x2d, 0x30, 0x2e, 0x2e, 0x31, 0x1e, 0x1e, 0x20, 0x14, 0x14,
	0x16, 0x1c, 0x1c, 0x1f, 0x2e, 0x2e, 0x31, 0x2d, 0x2d, 0x30, 0x2d, 0x2d, 0x30, 0x2d, 0x2d, 0x30,
	0x2d, 0x2d, 0x30, 0x2d, 0x2d, 0x30, 0x2d, 0x2d, 0x30, 0x2d, 0x2d, 0x30, 0x2c, 0x2c, 0x30, 0x2e,
	0x2e, 0x31, 0x1c, 0x1c, 0x1f, 0x14, 0x14, 0x16, 0x1e, 0x1e, 0x20, 0x2e, 0x2e, 0x31, 0x2d, 0x2d,
	0x30, 0x2d, 0x2d, 0x30, 0x2d, 0x2d, 0x30, 0x2d, 0x2d, 0x30, 0x2d, 0x2d, 0x30, 0x2d, 0x2d, 0x30,
	0x2d, 0x2d, 0x30, 0x2d, 0x2d, 0x30, 0x2e, 0x2e, 0x31, 0x1b, 0x1b, 0x1d, 0x15, 0x15, 0x17, 0x16,
	0x16, 0x18, 0x16, 0x16, 0x18, 0x16, 0x16, 0x18, 0x15, 0x15, 0x17, 0x15, 0x15, 0x17, 0x15, 0x15,
	0x17, 0x15, 0x15, 0x17, 0x16, 0x16, 0x18, 0x2a, 0x2a, 0x2c, 0x2c, 0x2c, 0x2f, 0x2b, 0x2b, 0x2f,
	0x2c, 0x2c, 0x2f, 0x2b, 0x2b, 0x2f, 0x2b, 0x2b, 0x2f, 0x2b, 0x2b, 0x2f, 0x2b, 0x2b, 0x2f, 0x2c,
	0x2c, 0x2f, 0x2b, 0x2b, 0x2e, 0x18, 0x18, 0x1a, 0x14, 0x14, 0x17, 0x17, 0x17, 0x19, 0x2b, 0x2b,
	0x2d, 0x2d, 0x2c, 0x2f, 0x2c, 0x2c, 0x2e, 0x2c, 0x2c, 0x2e, 0x2c, 0x2c, 0x2e, 0x2c, 0x2c, 0x2e,
	0x2c, 0x2c, 0x2e, 0x2c, 0x2c, 0x2e, 0x2d, 0x2c, 0x2f, 0x2b, 0x2b, 0x2d, 0x18, 0x17, 0x19, 0x15,
	0x14, 0x17, 0x18, 0x18, 0x1a, 0x2b, 0x2b, 0x2e, 0x2c, 0x2c, 0x2f, 0x2b, 0x2b, 0x2f, 0x2c, 0x2c,
	0x2f, 0x2b, 0x2b, 0x2f, 0x2b, 0x2b, 0x2f, 0x2c, 0x2c, 0x2f, 0x2b, 0x2b, 0x2f, 0x2c, 0x2c, 0x2f,
	0x2a, 0x2a, 0x2c, 0x16, 0x16, 0x18, 0x15, 0x15, 0x17, 0x15, 0x15, 0x17, 0x15, 0x15, 0x17, 0x15,
	0x15, 0x17, 0x15, 0x15, 0x17, 0x15, 0x15, 0x17, 0x15, 0x15, 0x17, 0x15, 0x15, 0x17, 0x14, 0x14,
	0x16, 0x19, 0x19, 0x1b, 0x24, 0x24, 0x27, 0x27, 0x27, 0x29, 0x26, 0x26, 0x29, 0x26, 0x26, 0x29,
	0x26, 0x26, 0x29, 0x26, 0x26, 0x29, 0x27, 0x27, 0x29, 0x25, 0x25, 0x28, 0x1b, 0x1b, 0x1d, 0x14,
	0x14, 0x16, 0x16, 0x15, 0x17, 0x16, 0x15, 0x16, 0x1d, 0x1c, 0x1b, 0x2a, 0x28, 0x27, 0x2d, 0x2a,
	0x28, 0x2e, 0x2a, 0x28, 0x2e, 0x2b, 0x28, 0x2e, 0x2b, 0x28, 0x2e, 0x2a, 0x28, 0x2d, 0x2a, 0x28,
	0x2a, 0x28, 0x27, 0x1e, 0x1c, 0x1c, 0x16, 0x15, 0x16, 0x16, 0x15, 0x17, 0x14, 0x14, 0x16, 0x1b,
	0x1b, 0x1d, 0x25, 0x25, 0x28, 0x27, 0x27, 0x29, 0x26, 0x26, 0x29, 0x26, 0x26, 0x29, 0x26, 0x26,
	0x29, 0x26, 0x26, 0x29, 0x27, 0x27, 0x29, 0x25, 0x25, 0x27, 0x19, 0x19, 0x1b, 0x14, 0x14, 0x16,
	0x15, 0x15, 0x17, 0x15, 0x15, 0x17, 0x15, 0x15, 0x17, 0x15, 0x15, 0x17, 0x14, 0x14, 0x16, 0x14,
	0x14, 0x16, 0x14, 0x14, 0x16, 0x14, 0x14, 0x16, 0x14, 0x14, 0x16, 0x14, 0x14, 0x16, 0x13, 0x13,
	0x15, 0x14, 0x14, 0x16, 0x14, 0x14, 0x16, 0x14, 0x14, 0x16, 0x14, 0x14, 0x16, 0x14, 0x14, 0x16,
	0x14, 0x14, 0x16, 0x13, 0x13, 0x15, 0x14, 0x13, 0x15, 0x16, 0x15, 0x16, 0x18, 0x17, 0x16, 0x1b,
	0x18, 0x15, 0x1f, 0x1b, 0x15, 0x24, 0x1d, 0x15, 0x28, 0x20, 0x15, 0x2a, 0x21, 0x15, 0x2b, 0x22,
	0x15, 0x2b, 0x22, 0x15, 0x2a, 0x21, 0x15, 0x28, 0x20, 0x15, 0x24, 0x1d, 0x15, 0x1f, 0x1a, 0x15,
	0x1b, 0x18, 0x15, 0x18, 0x16, 0x16, 0x16, 0x15, 0x16, 0x14, 0x13, 0x15, 0x13, 0x13, 0x15, 0x14,
	0x14, 0x16, 0x14, 0x14, 0x16, 0x14, 0x14, 0x16, 0x14, 0x14, 0x16, 0x14, 0x14, 0x16, 0x14, 0x14,
	0x16, 0x13, 0x13, 0x15, 0x14, 0x14, 0x16, 0x14, 0x14, 0x16, 0x14, 0x14, 0x16, 0x14, 0x14, 0x16,
	0x14, 0x14, 0x16, 0x14, 0x14, 0x16, 0x14, 0x14, 0x16, 0x14, 0x14, 0x16, 0x14, 0x14, 0x16, 0x14,
	0x14, 0x16, 0x14, 0x14, 0x16, 0x13, 0x13, 0x15, 0x13, 0x13, 0x14, 0x13, 0x13, 0x15, 0x13, 0x13,
	0x15, 0x13, 0x13, 0x15, 0x13, 0x13, 0x15, 0x13, 0x13, 0x15, 0x13, 0x13, 0x15, 0x13, 0x13, 0x15,
	0x13, 0x13, 0x15, 0x17, 0x16, 0x16, 0x1c, 0x18, 0x15, 0x24, 0x1d, 0x15, 0x29, 0x20, 0x13, 0x30,
	0x23, 0x13, 0x39, 0x2a, 0x14, 0x3e, 0x2c, 0x14, 0x40, 0x2d, 0x14, 0x40, 0x2d, 0x14, 0x3e, 0x2c,
	0x14, 0x39, 0x2a, 0x14, 0x30, 0x23, 0x13, 0x29, 0x20, 0x13, 0x24, 0x1d, 0x15, 0x1c, 0x18, 0x15,
	0x17, 0x16, 0x16, 0x13, 0x13, 0x15, 0x13, 0x13, 0x15, 0x13, 0x13, 0x15, 0x13, 0x13, 0x15, 0x13,
	0x13, 0x15, 0x13, 0x13, 0x15, 0x13, 0x13, 0x15, 0x13, 0x13, 0x15, 0x13, 0x13, 0x14, 0x13, 0x13,
	0x15, 0x14, 0x14, 0x16, 0x14, 0x14, 0x16, 0x14, 0x14, 0x16, 0x14, 0x14, 0x16, 0x14, 0x14, 0x16,
	0x13, 0x13, 0x15, 0x13, 0x13, 0x15, 0x13, 0x13, 0x15, 0x13, 0x13, 0x15, 0x12, 0x12, 0x14, 0x1a,
	0x1a, 0x1c, 0x2d, 0x2d, 0x30, 0x31, 0x31, 0x35, 0x31, 0x31, 0x35, 0x31, 0x31, 0x34, 0x31, 0x31,
	0x35, 0x31, 0x31, 0x34, 0x31, 0x31, 0x35, 0x2f, 0x2f, 0x32, 0x1e, 0x1d, 0x1e, 0x18, 0x16, 0x14,
	0x22, 0x1c, 0x15, 0x2b, 0x20, 0x12, 0x5b, 0x45, 0x22, 0xb9, 0x90, 0x3e, 0xcc, 0x9e, 0x41, 0xce,
	0x9d, 0x41, 0xcf, 0x9e, 0x41, 0xcf, 0x9e, 0x41, 0xce, 0x9e, 0x41, 0xcc, 0x9e, 0x41, 0xb9, 0x8f,
	0x3e, 0x5c, 0x45, 0x22, 0x2b, 0x20, 0x12, 0x22, 0x1c, 0x15, 0x18, 0x15, 0x14, 0x1e, 0x1d, 0x1e,
	0x2f, 0x2f, 0x32, 0x31, 0x31, 0x35, 0x31, 0x31, 0x34, 0x31, 0x31, 0x34, 0x31, 0x31, 0x35, 0x31,
	0x31, 0x34, 0x31, 0x31, 0x35, 0x2d, 0x2d, 0x30, 0x1a, 0x1a, 0x1c, 0x12, 0x12, 0x14, 0x13, 0x13,
	0x15, 0x13, 0x13, 0x15, 0x13, 0x13, 0x15, 0x13, 0x13, 0x15, 0x13, 0x13, 0x15, 0x13, 0x13, 0x15,
	0x13, 0x13, 0x15, 0x13, 0x13, 0x15, 0x14, 0x14, 0x16, 0x33, 0x33, 0x36, 0x3a, 0x3a, 0x3e, 0x39,
	0x39, 0x3d, 0x39, 0x39, 0x3d, 0x39, 0x39, 0x3d, 0x39, 0x39, 0x3d, 0x39, 0x39, 0x3d, 0x39, 0x39,
	0x3d, 0x3a, 0x3a, 0x3e, 0x38, 0x37, 0x3a, 0x1f, 0x1c, 0x18, 0x26, 0x1e, 0x12, 0x45, 0x33, 0x19,
	0xe3, 0xac, 0x43, 0xff, 0xc5, 0x41, 0xff, 0xc1, 0x40, 0xff, 0xc1, 0x40, 0xff, 0xc5, 0x41, 0xff,
	0xc5, 0x41, 0xff, 0xc1, 0x40, 0xff, 0xc1, 0x40, 0xff, 0xc5, 0x41, 0xe3, 0xac, 0x43, 0x45, 0x33,
	0x19, 0x26, 0x1e, 0x13, 0x1f, 0x1c, 0x18, 0x37, 0x36, 0x3a, 0x3a, 0x3a, 0x3e, 0x39, 0x39, 0x3d,
	0x39, 0x39, 0x3d, 0x39, 0x39, 0x3d, 0x39, 0x39, 0x3d, 0x39, 0x39, 0x3d, 0x39, 0x39, 0x3d, 0x3a,
	0x3a, 0x3e, 0x33, 0x33, 0x36, 0x14, 0x14, 0x16, 0x13, 0x13, 0x14, 0x13, 0x13, 0x15, 0x13, 0x13,
	0x15, 0x13, 0x13, 0x15, 0x12, 0x12, 0x14, 0x12, 0x12, 0x14, 0x12, 0x12, 0x14, 0x12, 0x12, 0x13,
	0x1a, 0x1a, 0x1c, 0x37, 0x37, 0x3b, 0x36, 0x36, 0x3a, 0x36, 0x36, 0x3a, 0x36, 0x36, 0x3a, 0x36,
	0x36, 0x3a, 0x36, 0x36, 0x3a, 0x36, 0x36, 0x3a, 0x36, 0x36, 0x3a, 0x36, 0x36, 0x3a, 0x3a, 0x39,
	0x3b, 0x29, 0x24, 0x1f, 0x28, 0x1e, 0x10, 0x69, 0x4e, 0x23, 0xff, 0xbc, 0x3d, 0xff, 0xb8, 0x37,
	0xff, 0xb8, 0x38, 0xff, 0xbe, 0x3a, 0xd1, 0x96, 0x2c, 0xd1, 0x96, 0x2c, 0xff, 0xbe, 0x3a, 0xff,
	0xb8, 0x38, 0xff, 0xb8, 0x37, 0xff, 0xbc, 0x3d, 0x69, 0x4e, 0x23, 0x28, 0x1e, 0x10, 0x27, 0x24,
	0x20, 0x38, 0x38, 0x3c, 0x36, 0x36, 0x3a, 0x36, 0x36, 0x3a, 0x36, 0x36, 0x3a, 0x36, 0x36, 0x3a,
	0x36, 0x36, 0x3a, 0x36, 0x36, 0x3a, 0x36, 0x36, 0x3a, 0x36, 0x36, 0x3a, 0x37, 0x37, 0x3b, 0x1a,
	0x1a, 0x1c, 0x12, 0x12, 0x13, 0x12, 0x12, 0x14, 0x12, 0x12, 0x14, 0x13, 0x13, 0x14, 0x12, 0x12,
	0x14, 0x12, 0x12, 0x14, 0x12, 0x12, 0x14, 0x11, 0x11, 0x13, 0x19, 0x19, 0x1b, 0x35, 0x35, 0x39,
	0x35, 0x35, 0x38, 0x35, 0x35, 0x38, 0x35, 0x35, 0x38, 0x35, 0x35, 0x38, 0x35, 0x35, 0x38, 0x35,
	0x35, 0x38, 0x35, 0x35, 0x38, 0x35, 0x35, 0x38, 0x39, 0x38, 0x39, 0x2a, 0x25, 0x1f, 0x2c, 0x20,
	0x0f, 0x6f, 0x51, 0x21, 0xff, 0xb7, 0x36, 0xff, 0xb4, 0x30, 0xff, 0xba, 0x33, 0xd1, 0x94, 0x27,
	0x50, 0x36, 0x09, 0x50, 0x36, 0x09, 0xd1, 0x94, 0x27, 0xff, 0xba, 0x33, 0xff, 0xb4, 0x30, 0xff,
	0xb7, 0x36, 0x6f, 0x51, 0x21, 0x2c, 0x20, 0x0f, 0x28, 0x24, 0x20, 0x36, 0x36, 0x3a, 0x35, 0x35,
	0x38, 0x35, 0x35, 0x38, 0x35, 0x35, 0x38, 0x35, 0x35, 0x38, 0x35, 0x35, 0x38, 0x35, 0x35, 0x38,
	0x35, 0x35, 0x38, 0x35, 0x35, 0x38, 0x35, 0x35, 0x39, 0x19, 0x19, 0x1c, 0x11, 0x11, 0x13, 0x12,
	0x12, 0x14, 0x12, 0x12, 0x14, 0x12, 0x12, 0x14, 0x11, 0x11, 0x13, 0x12, 0x12, 0x13, 0x12, 0x12,
	0x13, 0x11, 0x11, 0x12, 0x19, 0x19, 0x1b, 0x34, 0x34, 0x37, 0x33, 0x33, 0x37, 0x33, 0x33, 0x37,
	0x33, 0x33, 0x37, 0x33, 0x33, 0x37, 0x33, 0x33, 0x37, 0x33, 0x33, 0x37, 0x33, 0x33, 0x37, 0x33,
	0x33, 0x37, 0x38, 0x36, 0x37, 0x2b, 0x25, 0x1e, 0x2e, 0x21, 0x0f, 0x71, 0x51, 0x20, 0xff, 0xb3,
	0x30, 0xff, 0xb3, 0x2b, 0xce, 0x8f, 0x21, 0x4a, 0x30, 0x06, 0x37, 0x23, 0x03, 0x37, 0x23, 0x03,
	0x4a, 0x30, 0x06, 0xce, 0x8f, 0x21, 0xff, 0xb3, 0x2a, 0xff, 0xb2, 0x30, 0x71, 0x51, 0x20, 0x2e,
	0x21, 0x0f, 0x28, 0x24, 0x1f, 0x34, 0x34, 0x38, 0x33, 0x33, 0x37, 0x33, 0x33, 0x37, 0x33, 0x33,
	0x37, 0x33, 0x33, 0x37, 0x33, 0x33, 0x37, 0x33, 0x33, 0x37, 0x33, 0x33, 0x37, 0x33, 0x33, 0x37,
	0x34, 0x34, 0x37, 0x19, 0x19, 0x1b, 0x11, 0x11, 0x12, 0x12, 0x12, 0x13, 0x12, 0x12, 0x13, 0x12,
	0x12, 0x13, 0x11, 0x11, 0x13, 0x11, 0x11, 0x13, 0x11, 0x11, 0x13, 0x10, 0x10, 0x12, 0x18, 0x18,
	0x1a, 0x32, 0x32, 0x36, 0x31, 0x31, 0x35, 0x31, 0x31, 0x35, 0x31, 0x31, 0x35, 0x31, 0x31, 0x35,
	0x31, 0x31, 0x35, 0x31, 0x31, 0x35, 0x31, 0x31, 0x35, 0x31, 0x31, 0x35, 0x36, 0x34, 0x36, 0x2a,
	0x24, 0x1d, 0x2e, 0x21, 0x0f, 0x72, 0x51, 0x1e, 0xff, 0xaf, 0x29, 0xf2, 0xa4, 0x21, 0x7b, 0x51,
	0x0d, 0x44, 0x2b, 0x04, 0x22, 0x15, 0x00, 0x22, 0x15, 0x00, 0x44, 0x2b, 0x04, 0x7b, 0x51, 0x0d,
	0xf2, 0xa4, 0x21, 0xff, 0xaf, 0x29, 0x72, 0x51, 0x1e, 0x2e, 0x21, 0x0f, 0x28, 0x23, 0x1e, 0x32,
	0x33, 0x37, 0x31, 0x31, 0x35, 0x31, 0x31, 0x35, 0x31, 0x31, 0x35, 0x31, 0x31, 0x35, 0x31, 0x31,
	0x35, 0x31, 0x31, 0x35, 0x31, 0x31, 0x35, 0x31, 0x31, 0x35, 0x32, 0x32, 0x36, 0x18, 0x18, 0x1a,
	0x10, 0x10, 0x12, 0x11, 0x11, 0x13, 0x11, 0x11, 0x13, 0x11, 0x11, 0x13, 0x11, 0x11, 0x12, 0x11,
	0x11, 0x12, 0x11, 0x11, 0x12, 0x10, 0x10, 0x11, 0x17, 0x17, 0x19, 0x31, 0x31, 0x34, 0x30, 0x30,
	0x33, 0x30, 0x30, 0x33, 0x30, 0x30, 0x33, 0x30, 0x30, 0x33, 0x30, 0x30, 0x33, 0x30, 0x30, 0x33,
	0x30, 0x30, 0x33, 0x30, 0x30, 0x33, 0x34, 0x33, 0x34, 0x29, 0x23, 0x1d, 0x2d, 0x20, 0x0e, 0x71,
	0x4f, 0x1d, 0xff, 0xaa, 0x22, 0xfd, 0xa6, 0x1c, 0xf9, 0xa3, 0x1c, 0x4d, 0x31, 0x05, 0x74, 0x4b,
	0x0a, 0x74, 0x4b, 0x0a, 0x4d, 0x31, 0x05, 0xf9, 0xa3, 0x1c, 0xfd, 0xa6, 0x1c, 0xff, 0xaa, 0x22,
	0x71, 0x4f, 0x1d, 0x2d, 0x21, 0x0e, 0x27, 0x22, 0x1d, 0x31, 0x31, 0x35, 0x30, 0x30, 0x33, 0x30,
	0x30, 0x33, 0x30, 0x30, 0x33, 0x30, 0x30, 0x33, 0x30, 0x30, 0x33, 0x30, 0x30, 0x33, 0x30, 0x30,
	0x33, 0x30, 0x30, 0x33, 0x31, 0x31, 0x34, 0x17, 0x17, 0x19, 0x10, 0x10, 0x11, 0x11, 0x11, 0x12,
	0x11, 0x11, 0x12, 0x11, 0x11, 0x12, 0x10, 0x10, 0x12, 0x10, 0x10, 0x12, 0x10, 0x10, 0x12, 0x0f,
	0x0f, 0x11, 0x17, 0x17, 0x19, 0x2f, 0x2f, 0x32, 0x2e, 0x2e, 0x31, 0x2e, 0x2e, 0x32, 0x2e, 0x2e,
	0x32, 0x2e, 0x2e, 0x31, 0x2e, 0x2e, 0x32, 0x2e, 0x2e, 0x31, 0x2e, 0x2e, 0x31, 0x2e, 0x2e, 0x31,
	0x32, 0x31, 0x32, 0x27, 0x22, 0x1c, 0x2a, 0x1e, 0x0e, 0x6e, 0x4d, 0x1b, 0xff, 0xa6, 0x1c, 0xff,
	0xa3, 0x15, 0xff, 0xa3, 0x16, 0x54, 0x35, 0x04, 0xa8, 0x6b, 0x0d, 0xa8, 0x6b, 0x0d, 0x54, 0x35,
	0x04, 0xff, 0xa3, 0x16, 0xff, 0xa3, 0x15, 0xff, 0xa6, 0x1c, 0x6e, 0x4d, 0x1b, 0x2a, 0x1f, 0x0e,
	0x25, 0x21, 0x1c, 0x2f, 0x2f, 0x33, 0x2e, 0x2e, 0x31, 0x2e, 0x2e, 0x32, 0x2e, 0x2e, 0x31, 0x2e,
	0x2e, 0x31, 0x2e, 0x2e, 0x31, 0x2e, 0x2e, 0x31, 0x2e, 0x2e, 0x31, 0x2e, 0x2e, 0x31, 0x2f, 0x2f,
	0x32, 0x17, 0x17, 0x19, 0x0f, 0x0f, 0x11, 0x10, 0x10, 0x12, 0x10, 0x10, 0x12, 0x10, 0x10, 0x12,
	0x10, 0x10, 0x11, 0x10, 0x10, 0x11, 0x10, 0x10, 0x11, 0x0f, 0x0f, 0x11, 0x16, 0x16, 0x18, 0x2e,
	0x2e, 0x31, 0x2c, 0x2c, 0x30, 0x2d, 0x2d, 0x30, 0x2d, 0x2d, 0x30, 0x2d, 0x2d, 0x30, 0x2d, 0x2d,
	0x30, 0x2d, 0x2d, 0x30, 0x2d, 0x2d, 0x30, 0x2c, 0x2c, 0x30, 0x30, 0x2f, 0x31, 0x24, 0x20, 0x1b,
	0x25, 0x1c, 0x0e, 0x66, 0x48, 0x1a, 0xff, 0xa2, 0x15, 0xff, 0x9e, 0x0e, 0xff, 0x9e, 0x0f, 0xeb,
	0x92, 0x0d, 0xf1, 0x96, 0x0e, 0xf1, 0x96, 0x0e, 0xeb, 0x92, 0x0d, 0xff, 0x9e, 0x0f, 0xff, 0x9e,
	0x0e, 0xff, 0xa2, 0x15, 0x66, 0x48, 0x1a, 0x25, 0x1c, 0x0e, 0x23, 0x1f, 0x1b, 0x2e, 0x2e, 0x31,
	0x2c, 0x2c, 0x30, 0x2d, 0x2d, 0x30, 0x2d, 0x2d, 0x30, 0x2d, 0x2d, 0x30, 0x2d, 0x2d, 0x30, 0x2d,
	0x2d, 0x30, 0x2d, 0x2d, 0x30, 0x2c, 0x2c, 0x30, 0x2e, 0x2e, 0x31, 0x16, 0x16, 0x17, 0x0f, 0x0f,
	0x11, 0x10, 0x10, 0x11, 0x10, 0x10, 0x11, 0x10, 0x10, 0x12, 0x0f, 0x0f, 0x11, 0x0f, 0x0f, 0x11,
	0x0f, 0x0f, 0x11, 0x0f, 0x0f, 0x11, 0x10, 0x10, 0x12, 0x27, 0x27, 0x2a, 0x2d, 0x2d, 0x30, 0x2c,
	0x2c, 0x2f, 0x2c, 0x2c, 0x2f, 0x2c, 0x2c, 0x2f, 0x2c, 0x2c, 0x2f, 0x2c, 0x2c, 0x2f, 0x2c, 0x2c,
	0x2f, 0x2c, 0x2c, 0x30, 0x2b, 0x2b, 0x2c, 0x1a, 0x17, 0x13, 0x22, 0x1a, 0x10, 0x3f, 0x2d, 0x14,
	0xdd, 0x8d, 0x19, 0xff, 0xa1, 0x07, 0xff, 0x9d, 0x06, 0xff, 0x9f, 0x07, 0xff, 0x9e, 0x07, 0xff,
	0x9e, 0x07, 0xff, 0x9f, 0x07, 0xff, 0x9d, 0x07, 0xff, 0xa1, 0x07, 0xdd, 0x8d, 0x19, 0x3f, 0x2d,
	0x14, 0x22, 0x1b, 0x0f, 0x1a, 0x17, 0x14, 0x2a, 0x2a, 0x2d, 0x2c, 0x2c, 0x30, 0x2c, 0x2c, 0x2f,
	0x2c, 0x2c, 0x2f, 0x2c, 0x2c, 0x2f, 0x2c, 0x2c, 0x2f, 0x2c, 0x2c, 0x2f, 0x2c, 0x2c, 0x2f, 0x2d,
	0x2d, 0x30, 0x27, 0x27, 0x2a, 0x10, 0x10, 0x12, 0x0f, 0x0f, 0x11, 0x0f, 0x0f, 0x11, 0x0f, 0x0f,
	0x11, 0x0f, 0x0f, 0x11, 0x0f, 0x0f, 0x10, 0x0f, 0x0f, 0x10, 0x0f, 0x0f, 0x10, 0x0f, 0x0f, 0x10,
	0x0e, 0x0e, 0x10, 0x13, 0x13, 0x14, 0x21, 0x21, 0x22, 0x23, 0x23, 0x26, 0x23, 0x23, 0x26, 0x23,
	0x23, 0x25, 0x23, 0x23, 0x26, 0x23, 0x23, 0x25, 0x23, 0x23, 0x26, 0x21, 0x21, 0x24, 0x16, 0x15,
	0x16, 0x14, 0x12, 0x0f, 0x1d, 0x17, 0x10, 0x26, 0x1d, 0x0f, 0x50, 0x38, 0x15, 0xab, 0x70, 0x18,
	0xc0, 0x7b, 0x16, 0xc2, 0x7b, 0x16, 0xc3, 0x7b, 0x16, 0xc3, 0x7b, 0x16, 0xc2, 0x7b, 0x16, 0xc0,
	0x7b, 0x16, 0xab, 0x70, 0x18, 0x50, 0x38, 0x15, 0x26, 0x1d, 0x0f, 0x1d, 0x17, 0x10, 0x14, 0x12,
	0x0f, 0x16, 0x15, 0x16, 0x21, 0x21, 0x24, 0x23, 0x23, 0x26, 0x23, 0x23, 0x26, 0x23, 0x23, 0x25,
	0x23, 0x23, 0x26, 0x23, 0x23, 0x25, 0x23, 0x23, 0x26, 0x20, 0x20, 0x22, 0x13, 0x13, 0x14, 0x0e,
	0x0e, 0x10, 0x0f, 0x0f, 0x10, 0x0f, 0x0f, 0x10, 0x0f, 0x0f, 0x10, 0x0f, 0x0f, 0x10, 0x0e, 0x0e,
	0x10, 0x0e, 0x0e, 0x10, 0x0e, 0x0e, 0x10, 0x0e, 0x0e, 0x10, 0x0e, 0x0e, 0x10, 0x0e, 0x0e, 0x0f,
	0x0d, 0x0d, 0x0f, 0x0e, 0x0e, 0x0f, 0x0e, 0x0e, 0x0f, 0x0e, 0x0e, 0x0f, 0x0e, 0x0e, 0x0f, 0x0e,
	0x0e, 0x0f, 0x0e, 0x0e, 0x0f, 0x0d, 0x0d, 0x0f, 0x0e, 0x0e, 0x0f, 0x12, 0x10, 0x10, 0x16, 0x13,
	0x0f, 0x1e, 0x18, 0x10, 0x24, 0x1b, 0x0f, 0x29, 0x1e, 0x0f, 0x31, 0x24, 0x10, 0x36, 0x27, 0x10,
	0x38, 0x28, 0x10, 0x38, 0x28, 0x10, 0x36, 0x27, 0x10, 0x31, 0x24, 0x10, 0x29, 0x1e, 0x0f, 0x24,
	0x1b, 0x0f, 0x1e, 0x18, 0x10, 0x16, 0x13, 0x0f, 0x12, 0x10, 0x10, 0x0e, 0x0e, 0x0f, 0x0d, 0x0d,
	0x0f, 0x0e, 0x0e, 0x0f, 0x0e, 0x0e, 0x0f, 0x0e, 0x0e, 0x0f, 0x0e, 0x0e, 0x0f, 0x0e, 0x0e, 0x0f,
	0x0e, 0x0e, 0x0f, 0x0d, 0x0d, 0x0f, 0x0e, 0x0e, 0x0f, 0x0e, 0x0e, 0x10, 0x0e, 0x0e, 0x10, 0x0e,
	0x0e, 0x10, 0x0e, 0x0e, 0x10, 0x0f, 0x0f, 0x10, 0x0d, 0x0d, 0x0e, 0x0e, 0x0e, 0x0f, 0x0e, 0x0e,
	0x0f, 0x0e, 0x0e, 0x0f, 0x0e, 0x0e, 0x0f, 0x0e, 0x0e, 0x0f, 0x0e, 0x0e, 0x0f, 0x0e, 0x0e, 0x0f,
	0x0e, 0x0e, 0x0f, 0x0e, 0x0e, 0x0f, 0x0e, 0x0e, 0x0f, 0x0e, 0x0e, 0x0f, 0x0e, 0x0e, 0x0f, 0x0e,
	0x0e, 0x0f, 0x0e, 0x0e, 0x0f, 0x0f, 0x0f, 0x0f, 0x12, 0x10, 0x0f, 0x15, 0x12, 0x0f, 0x19, 0x15,
	0x0f, 0x1e, 0x17, 0x0f, 0x21, 0x1a, 0x0f, 0x24, 0x1b, 0x0f, 0x25, 0x1c, 0x0f, 0x25, 0x1c, 0x0f,
	0x24, 0x1b, 0x0f, 0x21, 0x19, 0x0f, 0x1e, 0x17, 0x0f, 0x19, 0x15, 0x0f, 0x15, 0x12, 0x0f, 0x11,
	0x10, 0x0f, 0x0f, 0x0f, 0x0f, 0x0e, 0x0e, 0x0f, 0x0e, 0x0e, 0x0f, 0x0e, 0x0e, 0x0f, 0x0e, 0x0e,
	0x0f, 0x0e, 0x0e, 0x0f, 0x0e, 0x0e, 0x0f, 0x0e, 0x0e, 0x0f, 0x0e, 0x0e, 0x0f, 0x0e, 0x0e, 0x0f,
	0x0e, 0x0e, 0x0f, 0x0e, 0x0e, 0x0f, 0x0e, 0x0e, 0x0f, 0x0e, 0x0e, 0x0f, 0x0e, 0x0e, 0x0f, 0x0d,
	0x0d, 0x0e, 0x0b, 0x0b, 0x0c, 0x0e, 0x0e, 0x0f, 0x0e, 0x0e, 0x0f, 0x0e, 0x0e, 0x0f, 0x0e, 0x0e,
	0x0f, 0x0e, 0x0e, 0x0f, 0x0e, 0x0e, 0x0f, 0x0e, 0x0e, 0x0f, 0x0e, 0x0e, 0x0f, 0x0e, 0x0e, 0x0f,
	0x0e, 0x0e, 0x0f, 0x0e, 0x0e, 0x0f, 0x0e, 0x0e, 0x0f, 0x0e, 0x0e, 0x0f, 0x0e, 0x0e, 0x0f, 0x0e,
	0x0e, 0x0f, 0x0f, 0x0e, 0x0f, 0x10, 0x0f, 0x0f, 0x11, 0x10, 0x0f, 0x13, 0x11, 0x0f, 0x14, 0x11,
	0x0f, 0x15, 0x12, 0x0f, 0x15, 0x12, 0x0f, 0x16, 0x12, 0x0f, 0x15, 0x12, 0x0f, 0x14, 0x11, 0x0f,
	0x13, 0x11, 0x0f, 0x11, 0x10, 0x0f, 0x10, 0x0f, 0x0f, 0x0f, 0x0e, 0x0f, 0x0e, 0x0e, 0x0f, 0x0e,
	0x0e, 0x0f, 0x0e, 0x0e, 0x0f, 0x0e, 0x0e, 0x0f, 0x0e, 0x0e, 0x0f, 0x0e, 0x0e, 0x0f, 0x0e, 0x0e,
	0x0f, 0x0e, 0x0e, 0x0f, 0x0e, 0x0e, 0x0f, 0x0e, 0x0e, 0x0f, 0x0e, 0x0e, 0x0f, 0x0e, 0x0e, 0x0f,
	0x0e, 0x0e, 0x0f, 0x0e, 0x0e, 0x0f, 0x0e, 0x0e, 0x0f, 0x0b, 0x0b, 0x0c, 0x07, 0x07, 0x08, 0x0d,
	0x0d, 0x0e, 0x0d, 0x0d, 0x0e, 0x0d, 0x0d, 0x0e, 0x0d, 0x0d, 0x0e, 0x0d, 0x0d, 0x0e, 0x0d, 0x0d,
	0x0e, 0x0d, 0x0d, 0x0e, 0x0d, 0x0d, 0x0e, 0x0d, 0x0d, 0x0e, 0x0d, 0x0d, 0x0e, 0x0d, 0x0d, 0x0e,
	0x0d, 0x0d, 0x0e, 0x0d, 0x0d, 0x0e, 0x0d, 0x0d, 0x0e, 0x0d, 0x0d, 0x0e, 0x0d, 0x0d, 0x0e, 0x0d,
	0x0d, 0x0e, 0x0d, 0x0d, 0x0e, 0x0e, 0x0d, 0x0e, 0x0e, 0x0d, 0x0e, 0x0e, 0x0d, 0x0e, 0x0e, 0x0e,
	0x0e, 0x0e, 0x0e, 0x0e, 0x0e, 0x0d, 0x0e, 0x0e, 0x0d, 0x0e, 0x0e, 0x0d, 0x0e, 0x0d, 0x0d, 0x0e,
	0x0d, 0x0d, 0x0e, 0x0d, 0x0d, 0x0e, 0x0d, 0x0d, 0x0e, 0x0d, 0x0d, 0x0e, 0x0d, 0x0d, 0x0e, 0x0d,
	0x0d, 0x0e, 0x0d, 0x0d, 0x0e, 0x0d, 0x0d, 0x0e, 0x0d, 0x0d, 0x0e, 0x0d, 0x0d, 0x0e, 0x0d, 0x0d,
	0x0e, 0x0d, 0x0d, 0x0e, 0x0d, 0x0d, 0x0e, 0x0d, 0x0d, 0x0e, 0x0d, 0x0d, 0x0e, 0x0d, 0x0d, 0x0e,
	0x0d, 0x0d, 0x0e, 0x07, 0x07, 0x08, 0x03, 0x03, 0x03, 0x0d, 0x0d, 0x0e, 0x0d, 0x0d, 0x0e, 0x0d,
	0x0d, 0x0e, 0x0d, 0x0d, 0x0e, 0x0d, 0x0d, 0x0e, 0x0d, 0x0d, 0x0e, 0x0d, 0x0d, 0x0e, 0x0d, 0x0d,
	0x0e, 0x0d, 0x0d, 0x0e, 0x0d, 0x0d, 0x0e, 0x0d, 0x0d, 0x0e, 0x0d, 0x0d, 0x0e, 0x0d, 0x0d, 0x0e,
	0x0d, 0x0d, 0x0e, 0x0d, 0x0d, 0x0e, 0x0d, 0x0d, 0x0e, 0x0d, 0x0d, 0x0e, 0x0d, 0x0d, 0x0e, 0x0d,
	0x0d, 0x0e, 0x0d, 0x0d, 0x0e, 0x0d, 0x0d, 0x0e, 0x0d, 0x0d, 0x0e, 0x0d, 0x0d, 0x0e, 0x0d, 0x0d,
	0x0e, 0x0d, 0x0d, 0x0e, 0x0d, 0x0d, 0x0e, 0x0d, 0x0d, 0x0e, 0x0d, 0x0d, 0x0e, 0x0d, 0x0d, 0x0e,
	0x0d, 0x0d, 0x0e, 0x0d, 0x0d, 0x0e, 0x0d, 0x0d, 0x0e, 0x0d, 0x0d, 0x0e, 0x0d, 0x0d, 0x0e, 0x0d,
	0x0d, 0x0e, 0x0d, 0x0d, 0x0e, 0x0d, 0x0d, 0x0e, 0x0d, 0x0d, 0x0e, 0x0d, 0x0d, 0x0e, 0x0d, 0x0d,
	0x0e, 0x0d, 0x0d, 0x0e, 0x0d, 0x0d, 0x0e, 0x0d, 0x0d, 0x0e, 0x0d, 0x0d, 0x0e, 0x03, 0x03, 0x03,
	0x00, 0x00, 0x00, 0x09, 0x09, 0x0a, 0x0c, 0x0c, 0x0d, 0x0c, 0x0c, 0x0e, 0x0c, 0x0c, 0x0d, 0x0c,
	0x0c, 0x0e, 0x0c, 0x0c, 0x0d, 0x0c, 0x0c, 0x0d, 0x0c, 0x0c, 0x0e, 0x0c, 0x0c, 0x0e, 0x0c, 0x0c,
	0x0d, 0x0c, 0x0c, 0x0e, 0x0c, 0x0c, 0x0e, 0x0c, 0x0c, 0x0d, 0x0c, 0x0c, 0x0d, 0x0c, 0x0c, 0x0d,
	0x0c, 0x0c, 0x0d, 0x0c, 0x0c, 0x0d, 0x0c, 0x0c, 0x0d, 0x0c, 0x0c, 0x0d, 0x0c, 0x0c, 0x0d, 0x0c,
	0x0c, 0x0d, 0x0c, 0x0c, 0x0e, 0x0c, 0x0c, 0x0d, 0x0c, 0x0c, 0x0d, 0x0c, 0x0c, 0x0e, 0x0c, 0x0c,
	0x0e, 0x0c, 0x0c, 0x0d, 0x0c, 0x0c, 0x0e, 0x0c, 0x0c, 0x0e, 0x0c, 0x0c, 0x0d, 0x0c, 0x0c, 0x0d,
	0x0c, 0x0c, 0x0d, 0x0c, 0x0c, 0x0d, 0x0c, 0x0c, 0x0d, 0x0c, 0x0c, 0x0d, 0x0c, 0x0c, 0x0e, 0x0c,
	0x0c, 0x0d, 0x0c, 0x0c, 0x0d, 0x0c, 0x0c, 0x0e, 0x0c, 0x0c, 0x0e, 0x0c, 0x0c, 0x0d, 0x0c, 0x0c,
	0x0e, 0x0c, 0x0c, 0x0e, 0x09, 0x09, 0x0a, 0x00, 0x00, 0x00, 0x00, 0x00, 0x00, 0x02, 0x02, 0x02,
	0x0c, 0x0c, 0x0d, 0x0c, 0x0c, 0x0d, 0x0c, 0x0c, 0x0d, 0x0c, 0x0c, 0x0d, 0x0c, 0x0c, 0x0d, 0x0c,
	0x0c, 0x0d, 0x0c, 0x0c, 0x0d, 0x0c, 0x0c, 0x0d, 0x0c, 0x0c, 0x0d, 0x0c, 0x0c, 0x0d, 0x0c, 0x0c,
	0x0d, 0x0c, 0x0c, 0x0d, 0x0c, 0x0c, 0x0d, 0x0c, 0x0c, 0x0d, 0x0c, 0x0c, 0x0d, 0x0c, 0x0c, 0x0d,
	0x0c, 0x0c, 0x0d, 0x0c, 0x0c, 0x0d, 0x0c, 0x0c, 0x0d, 0x0c, 0x0c, 0x0d, 0x0c, 0x0c, 0x0d, 0x0c,
	0x0c, 0x0d, 0x0c, 0x0c, 0x0d, 0x0c, 0x0c, 0x0d, 0x0c, 0x0c, 0x0d, 0x0c, 0x0c, 0x0d, 0x0c, 0x0c,
	0x0d, 0x0c, 0x0c, 0x0d, 0x0c, 0x0c, 0x0d, 0x0c, 0x0c, 0x0d, 0x0c, 0x0c, 0x0d, 0x0c, 0x0c, 0x0d,
	0x0c, 0x0c, 0x0d, 0x0c, 0x0c, 0x0d, 0x0c, 0x0c, 0x0d, 0x0c, 0x0c, 0x0d, 0x0c, 0x0c, 0x0d, 0x0c,
	0x0c, 0x0d, 0x0c, 0x0c, 0x0d, 0x0c, 0x0c, 0x0d, 0x0c, 0x0c, 0x0d, 0x0c, 0x0c, 0x0d, 0x02, 0x02,
	0x02, 0x00, 0x00, 0x00, 0x00, 0x00, 0x00, 0x00, 0x00, 0x00, 0x04, 0x04, 0x04, 0x0b, 0x0b, 0x0c,
	0x0b, 0x0b, 0x0c, 0x0b, 0x0b, 0x0d, 0x0b, 0x0b, 0x0c, 0x0b, 0x0b, 0x0c, 0x0b, 0x0b, 0x0c, 0x0b,
	0x0b, 0x0d, 0x0b, 0x0b, 0x0c, 0x0b, 0x0b, 0x0c, 0x0b, 0x0b, 0x0d, 0x0b, 0x0b, 0x0c, 0x0b, 0x0b,
	0x0c, 0x0b, 0x0b, 0x0c, 0x0b, 0x0b, 0x0c, 0x0b, 0x0b, 0x0c, 0x0b, 0x0b, 0x0c, 0x0b, 0x0b, 0x0c,
	0x0b, 0x0b, 0x0c, 0x0b, 0x0b, 0x0c, 0x0b, 0x0b, 0x0c, 0x0b, 0x0b, 0x0d, 0x0b, 0x0b, 0x0c, 0x0b,
	0x0b, 0x0d, 0x0b, 0x0b, 0x0d, 0x0b, 0x0b, 0x0c, 0x0b, 0x0b, 0x0c, 0x0b, 0x0b, 0x0d, 0x0b, 0x0b,
	0x0c, 0x0b, 0x0b, 0x0c, 0x0b, 0x0b, 0x0c, 0x0b, 0x0b, 0x0c, 0x0b, 0x0b, 0x0c, 0x0b, 0x0b, 0x0c,
	0x0b, 0x0b, 0x0c, 0x0b, 0x0b, 0x0d, 0x0b, 0x0b, 0x0c, 0x0b, 0x0b, 0x0d, 0x0b, 0x0b, 0x0d, 0x0b,
	0x0b, 0x0c, 0x0b, 0x0b, 0x0c, 0x04, 0x04, 0x05, 0x00, 0x00, 0x00, 0x00, 0x00, 0x00, 0x00, 0x00,
	0x00, 0x00, 0x00, 0x00, 0x00, 0x00, 0x00, 0x04, 0x04, 0x04, 0x0b, 0x0b, 0x0c, 0x0b, 0x0b, 0x0c,
	0x0b, 0x0b, 0x0c, 0x0b, 0x0b, 0x0c, 0x0b, 0x0b, 0x0c, 0x0b, 0x0b, 0x0c, 0x0b, 0x0b, 0x0c, 0x0b,
	0x0b, 0x0c, 0x0b, 0x0b, 0x0c, 0x0b, 0x0b, 0x0c, 0x0b, 0x0b, 0x0c, 0x0b, 0x0b, 0x0c, 0x0b, 0x0b,
	0x0c, 0x0b, 0x0b, 0x0c, 0x0b, 0x0b, 0x0c, 0x0b, 0x0b, 0x0c, 0x0b, 0x0b, 0x0c, 0x0b, 0x0b, 0x0c,
	0x0b, 0x0b, 0x0c, 0x0b, 0x0b, 0x0c, 0x0b, 0x0b, 0x0c, 0x0b, 0x0b, 0x0c, 0x0b, 0x0b, 0x0c, 0x0b,
	0x0b, 0x0c, 0x0b, 0x0b, 0x0c, 0x0b, 0x0b, 0x0c, 0x0b, 0x0b, 0x0c, 0x0b, 0x0b, 0x0c, 0x0b, 0x0b,
	0x0c, 0x0b, 0x0b, 0x0c, 0x0b, 0x0b, 0x0c, 0x0b, 0x0b, 0x0c, 0x0b, 0x0b, 0x0c, 0x0b, 0x0b, 0x0c,
	0x0b, 0x0b, 0x0c, 0x0b, 0x0b, 0x0c, 0x0b, 0x0b, 0x0c, 0x0b, 0x0b, 0x0c, 0x04, 0x04, 0x04, 0x00,
	0x00, 0x00, 0x00, 0x00, 0x00, 0x00, 0x00, 0x00, 0x00, 0x00, 0x00, 0x00, 0x00, 0x00, 0x00, 0x00,
	0x00, 0x00, 0x00, 0x00, 0x02, 0x02, 0x02, 0x07, 0x07, 0x08, 0x0a, 0x0a, 0x0b, 0x0a, 0x0a, 0x0b,
	0x0a, 0x0a, 0x0b, 0x0a, 0x0a, 0x0b, 0x0a, 0x0a, 0x0b, 0x0a, 0x0a, 0x0b, 0x0a, 0x0a, 0x0c, 0x0a,
	0x0a, 0x0b, 0x0a, 0x0a, 0x0b, 0x0a, 0x0a, 0x0b, 0x0a, 0x0a, 0x0c, 0x0a, 0x0a, 0x0b, 0x0a, 0x0a,
	0x0b, 0x0a, 0x0a, 0x0c, 0x0a, 0x0a, 0x0b, 0x0a, 0x0a, 0x0b, 0x0b, 0x0b, 0x0c, 0x0a, 0x0a, 0x0b,
	0x0a, 0x0a, 0x0b, 0x0a, 0x0a, 0x0b, 0x0a, 0x0a, 0x0c, 0x0a, 0x0a, 0x0b, 0x0a, 0x0a, 0x0b, 0x0a,
	0x0a, 0x0b, 0x0a, 0x0a, 0x0c, 0x0a, 0x0a, 0x0b, 0x0a, 0x0a, 0x0b, 0x0a, 0x0a, 0x0c, 0x0a, 0x0a,
	0x0b, 0x0a, 0x0a, 0x0b, 0x0a, 0x0a, 0x0b, 0x0a, 0x0a, 0x0b, 0x0a, 0x0a, 0x0b, 0x0a, 0x0a, 0x0c,
	0x07, 0x07, 0x08, 0x02, 0x02, 0x02, 0x00, 0x00, 0x00, 0x00, 0x00, 0x00, 0x00, 0x00, 0x00, 0x00,
	0x00, 0x00, 0x00, 0x00, 0x00, 0x00, 0x00, 0x00, 0x00, 0x00, 0x00, 0x00, 0x00, 0x00, 0x00, 0x00,
	0x00, 0x00, 0x00, 0x00, 0x02, 0x02, 0x03, 0x06, 0x06, 0x06, 0x08, 0x08, 0x09, 0x0a, 0x0a, 0x0a,
	0x0a, 0x0a, 0x0b, 0x0a, 0x0a, 0x0b, 0x0a, 0x0a, 0x0b, 0x0a, 0x0a, 0x0b, 0x0a, 0x0a, 0x0b, 0x0a,
	0x0a, 0x0b, 0x0a, 0x0a, 0x0b, 0x0a, 0x0a, 0x0b, 0x0a, 0x0a, 0x0b, 0x0a, 0x0a, 0x0b, 0x0a, 0x0a,
	0x0b, 0x0a, 0x0a, 0x0b, 0x0a, 0x0a, 0x0b, 0x0a, 0x0a, 0x0b, 0x0a, 0x0a, 0x0b, 0x0a, 0x0a, 0x0b,
	0x0a, 0x0a, 0x0b, 0x0a, 0x0a, 0x0b, 0x0a, 0x0a, 0x0b, 0x0a, 0x0a, 0x0b, 0x0a, 0x0a, 0x0b, 0x0a,
	0x0a, 0x0b, 0x0a, 0x0a, 0x0b, 0x0a, 0x0a, 0x0b, 0x0a, 0x0a, 0x0b, 0x0a, 0x0a, 0x0b, 0x0a, 0x0a,
	0x0a, 0x08, 0x08, 0x09, 0x06, 0x06, 0x06, 0x02, 0x02, 0x03, 0x00, 0x00, 0x00, 0x00, 0x00, 0x00,
	0x00, 0x00, 0x00, 0x00, 0x00, 0x00, 0x00, 0x00, 0x00, 0x00, 0x00, 0x00,
};

constexpr int kAppIconLargeSize = 80;
constexpr uint8_t kAppIconLarge[] = {
	0x00, 0x00, 0x00, 0x00, 0x00, 0x00, 0x00, 0x00, 0x00, 0x00, 0x00, 0x00, 0x00, 0x00, 0x00, 0x00,
	0x00, 0x00, 0x00, 0x00, 0x00, 0x00, 0x00, 0x00, 0x00, 0x00, 0x00, 0x00, 0x00, 0x00, 0x00, 0x00,
	0x00, 0x00, 0x00, 0x00, 0x04, 0x04, 0x04, 0x0c, 0x0c, 0x0d, 0x13, 0x13, 0x15, 0x18, 0x18, 0x1b,
	0x1c, 0x1c, 0x1f, 0x1d, 0x1d, 0x20, 0x1e, 0x1e, 0x21, 0x1e, 0x1e, 0x21, 0x1e, 0x1e, 0x21, 0x1e,
	0x1e, 0x21, 0x1e, 0x1e, 0x21, 0x1e, 0x1e, 0x21, 0x1e, 0x1e, 0x21, 0x1e, 0x1e, 0x21, 0x1e, 0x1e,
	0x21, 0x1e, 0x1e, 0x21, 0x1e, 0x1e, 0x21, 0x1e, 0x1e, 0x21, 0x1e, 0x1e, 0x21, 0x1e, 0x1e, 0x21,
	0x1e, 0x1e, 0x21, 0x1e, 0x1e, 0x21, 0x1e, 0x1e, 0x21, 0x1e, 0x1e, 0x21, 0x1e, 0x1e, 0x21, 0x1e,
	0x1e, 0x21, 0x1e, 0x1e, 0x21, 0x1e, 0x1e, 0x21, 0x1e, 0x1e, 0x21, 0x1e, 0x1e, 0x21, 0x1e, 0x1e,
	0x21, 0x1e, 0x1e, 0x21, 0x1e, 0x1e, 0x21, 0x1e, 0x1e, 0x21, 0x1e, 0x1e, 0x21, 0x1e, 0x1e, 0x21,
	0x1e, 0x1e, 0x21, 0x1e, 0x1e, 0x21, 0x1e, 0x1e, 0x21, 0x1e, 0x1e, 0x21, 0x1e, 0x1e, 0x21, 0x1e,
	0x1e, 0x21, 0x1e, 0x1e, 0x21, 0x1e, 0x1e, 0x21, 0x1e, 0x1e, 0x21, 0x1e, 0x1e, 0x21, 0x1e, 0x1e,
	0x21, 0x1e, 0x1e, 0x21, 0x1e, 0x1e, 0x21, 0x1e, 0x1e, 0x21, 0x1d, 0x1d, 0x20, 0x1c, 0x1c, 0x1f,
	0x18, 0x18, 0x1b, 0x13, 0x13, 0x15, 0x0c, 0x0c, 0x0d, 0x04, 0x04, 0x04, 0x00, 0x00, 0x00, 0x00,
	0x00, 0x00, 0x00, 0x00, 0x00, 0x00, 0x00, 0x00, 0x00, 0x00, 0x00, 0x00, 0x00, 0x00, 0x00, 0x00,
	0x00, 0x00, 0x00, 0x00, 0x00, 0x00, 0x00, 0x00, 0x00, 0x00, 0x00, 0x00, 0x00, 0x00, 0x00, 0x00,
	0x00, 0x00, 0x00, 0x00, 0x00, 0x00, 0x00, 0x00, 0x00, 0x00, 0x00, 0x00, 0x00, 0x00, 0x00, 0x00,
	0x00, 0x00, 0x00, 0x00, 0x00, 0x00, 0x00, 0x00, 0x00, 0x00, 0x00, 0x00, 0x00, 0x00, 0x0a, 0x0a,
	0x0c, 0x17, 0x17, 0x19, 0x1e, 0x1e, 0x21, 0x1e, 0x1e, 0x21, 0x1e, 0x1e, 0x21, 0x1e, 0x1e, 0x21,
	0x1e, 0x1e, 0x21, 0x1e, 0x1e, 0x21, 0x1e, 0x1e, 0x21, 0x1e, 0x1e, 0x21, 0x1e, 0x1e, 0x21, 0x1e,
	0x1e, 0x21, 0x1e, 0x1e, 0x21, 0x1e, 0x1e, 0x21, 0x1e, 0x1e, 0x21, 0x1e, 0x1e, 0x21, 0x1e, 0x1e,
	0x21, 0x1e, 0x1e, 0x21, 0x1e, 0x1e, 0x21, 0x1e, 0x1e, 0x21, 0x1e, 0x1e, 0x21, 0x1e, 0x1e, 0x21,
	0x1e, 0x1e, 0x21, 0x1e, 0x1e, 0x21, 0x1e, 0x1e, 0x21, 0x1e, 0x1e, 0x21, 0x1e, 0x1e, 0x21, 0x1e,
	0x1e, 0x21, 0x1e, 0x1e, 0x21, 0x1e, 0x1e, 0x21, 0x1e, 0x1e, 0x21, 0x1e, 0x1e, 0x21, 0x1e, 0x1e,
	0x21, 0x1e, 0x1e, 0x21, 0x1e, 0x1e, 0x21, 0x1e, 0x1e, 0x21, 0x1e, 0x1e, 0x21, 0x1e, 0x1e, 0x21,
	0x1e, 0x1e, 0x21, 0x1e, 0x1e, 0x21, 0x1e, 0x1e, 0x21, 0x1e, 0x1e, 0x21, 0x1e, 0x1e, 0x21, 0x1e,
	0x1e, 0x21, 0x1e, 0x1e, 0x21, 0x1e, 0x1e, 0x21, 0x1e, 0x1e, 0x21, 0x1e, 0x1e, 0x21, 0x1e, 0x1e,
	0x21, 0x1e, 0x1e, 0x21, 0x1e, 0x1e, 0x21, 0x1e, 0x1e, 0x21, 0x1e, 0x1e, 0x21, 0x1e, 0x1e, 0x21,
	0x1e, 0x1e, 0x21, 0x1e, 0x1e, 0x21, 0x1e, 0x1e, 0x21, 0x1e, 0x1e, 0x21, 0x17, 0x17, 0x19, 0x0a,
	0x0a, 0x0b, 0x00, 0x00, 0x00, 0x00, 0x00, 0x00, 0x00, 0x00, 0x00, 0x00, 0x00, 0x00, 0x00, 0x00,
	0x00, 0x00, 0x00, 0x00, 0x00, 0x00, 0x00, 0x00, 0x00, 0x00, 0x00, 0x00, 0x00, 0x00, 0x00, 0x00,
	0x00, 0x00, 0x00, 0x00, 0x00, 0x00, 0x00, 0x00, 0x00, 0x00, 0x00, 0x00, 0x00, 0x00, 0x00, 0x00,
	0x00, 0x00, 0x00, 0x00, 0x00, 0x00, 0x00, 0x00, 0x08, 0x08, 0x09, 0x19, 0x19, 0x1b, 0x1d, 0x1d,
	0x20, 0x1e, 0x1e, 0x20, 0x1e, 0x1e, 0x20, 0x1d, 0x1d, 0x20, 0x1e, 0x1e, 0x20, 0x1d, 0x1d, 0x20,
	0x1d, 0x1d, 0x20, 0x1e, 0x1e, 0x20, 0x1d, 0x1d, 0x20, 0x1e, 0x1e, 0x20, 0x1d, 0x1d, 0x20, 0x1d,
	0x1d, 0x20, 0x1d, 0x1d, 0x20, 0x1d, 0x1d, 0x20, 0x1e, 0x1e, 0x20, 0x1d, 0x1d, 0x20, 0x1d, 0x1d,
	0x20, 0x1d, 0x1d, 0x20, 0x1d, 0x1d, 0x20, 0x1e, 0x1e, 0x20, 0x1d, 0x1d, 0x20, 0x1d, 0x1d, 0x20,
	0x1d, 0x1d, 0x20, 0x1d, 0x1d, 0x20, 0x1e, 0x1e, 0x20, 0x1d, 0x1d, 0x20, 0x1d, 0x1d, 0x20, 0x1d,
	0x1d, 0x20, 0x1d, 0x1d, 0x20, 0x1e, 0x1e, 0x20, 0x1d, 0x1d, 0x20, 0x1d, 0x1d, 0x20, 0x1d, 0x1d,
	0x20, 0x1d, 0x1d, 0x20, 0x1e, 0x1e, 0x20, 0x1d, 0x1d, 0x20, 0x1d, 0x1d, 0x20, 0x1d, 0x1d, 0x20,
	0x1d, 0x1d, 0x20, 0x1e, 0x1e, 0x20, 0x1d, 0x1d, 0x20, 0x1d, 0x1d, 0x20, 0x1d, 0x1d, 0x20, 0x1d,
	0x1d, 0x20, 0x1e, 0x1e, 0x20, 0x1d, 0x1d, 0x20, 0x1d, 0x1d, 0x20, 0x1d, 0x1d, 0x20, 0x1d, 0x1d,
	0x20, 0x1e, 0x1e, 0x20, 0x1d, 0x1d, 0x20, 0x1e, 0x1e, 0x20, 0x1d, 0x1d, 0x20, 0x1d, 0x1d, 0x20,
	0x1e, 0x1e, 0x20, 0x1d, 0x1d, 0x20, 0x1e, 0x1e, 0x21, 0x1d, 0x1d, 0x20, 0x1e, 0x1e, 0x20, 0x1e,
	0x1e, 0x20, 0x18, 0x18, 0x1b, 0x08, 0x08, 0x09, 0x00, 0x00, 0x00, 0x00, 0x00, 0x00, 0x00, 0x00,
	0x00, 0x00, 0x00, 0x00, 0x00, 0x00, 0x00, 0x00, 0x00, 0x00, 0x00, 0x00, 0x00, 0x00, 0x00, 0x00,
	0x00, 0x00, 0x00, 0x00, 0x00, 0x00, 0x00, 0x00, 0x00, 0x00, 0x00, 0x00, 0x00, 0x00, 0x00, 0x00,
	0x00, 0x00, 0x01, 0x01, 0x01, 0x11, 0x11, 0x13, 0x1d, 0x1d, 0x20, 0x1d, 0x1d, 0x20, 0x1d, 0x1d,
	0x20, 0x1d, 0x1d, 0x20, 0x1d, 0x1d, 0x20, 0x1d, 0x1d, 0x20, 0x1d, 0x1d, 0x20, 0x1d, 0x1d, 0x20,
	0x1d, 0x1d, 0x20, 0x1d, 0x1d, 0x20, 0x1d, 0x1d, 0x20, 0x1d, 0x1d, 0x20, 0x1d, 0x1d, 0x20, 0x1d,
	0x1d, 0x20, 0x1d, 0x1d, 0x20, 0x1d, 0x1d, 0x20, 0x1d, 0x1d, 0x20, 0x1d, 0x1d, 0x20, 0x1d, 0x1d,
	0x20, 0x1d, 0x1d, 0x20, 0x1d, 0x1d, 0x20, 0x1d, 0x1d, 0x20, 0x1d, 0x1d, 0x20, 0x1d, 0x1d, 0x20,
	0x1d, 0x1d, 0x20, 0x1d, 0x1d, 0x20, 0x1d, 0x1d, 0x20, 0x1d, 0x1d, 0x20, 0x1d, 0x1d, 0x20, 0x1d,
	0x1d, 0x20, 0x1d, 0x1d, 0x20, 0x1d, 0x1d, 0x20, 0x1d, 0x1d, 0x20, 0x1d, 0x1d, 0x20, 0x1d, 0x1d,
	0x20, 0x1d, 0x1d, 0x20, 0x1d, 0x1d, 0x20, 0x1d, 0x1d, 0x20, 0x1d, 0x1d, 0x20, 0x1d, 0x1d, 0x20,
	0x1d, 0x1d, 0x20, 0x1d, 0x1d, 0x20, 0x1d, 0x1d, 0x20, 0x1d, 0x1d, 0x20, 0x1d, 0x1d, 0x20, 0x1d,
	0x1d, 0x20, 0x1d, 0x1d, 0x20, 0x1d, 0x1d, 0x20, 0x1d, 0x1d, 0x20, 0x1d, 0x1d, 0x20, 0x1d, 0x1d,
	0x20, 0x1d, 0x1d, 0x20, 0x1d, 0x1d, 0x20, 0x1d, 0x1d, 0x20, 0x1d, 0x1d, 0x20, 0x1d, 0x1d, 0x20,
	0x1d, 0x1d, 0x20, 0x1d, 0x1d, 0x20, 0x1d, 0x1d, 0x20, 0x1d, 0x1d, 0x20, 0x1d, 0x1d, 0x20, 0x1d,
	0x1d, 0x20, 0x1d, 0x1d, 0x20, 0x1d, 0x1d, 0x20, 0x11, 0x11, 0x13, 0x01, 0x01, 0x01, 0x00, 0x00,
	0x00, 0x00, 0x00, 0x00, 0x00, 0x00, 0x00, 0x00, 0x00, 0x00, 0x00, 0x00, 0x00, 0x00, 0x00, 0x00,
	0x00, 0x00, 0x00, 0x00, 0x00, 0x00, 0x00, 0x00, 0x00, 0x00, 0x00, 0x00, 0x00, 0x00, 0x00, 0x02,
	0x02, 0x03, 0x17, 0x17, 0x19, 0x1d, 0x1d, 0x20, 0x1d, 0x1d, 0x20, 0x1d, 0x1d, 0x20, 0x1d, 0x1d,
	0x20, 0x1d, 0x1d, 0x20, 0x1d, 0x1d, 0x20, 0x1d, 0x1d, 0x20, 0x1d, 0x1d, 0x20, 0x1d, 0x1d, 0x20,
	0x1d, 0x1d, 0x20, 0x1d, 0x1d, 0x20, 0x1d, 0x1d, 0x20, 0x1d, 0x1d, 0x20, 0x1d, 0x1d, 0x20, 0x1d,
	0x1d, 0x20, 0x1d, 0x1d, 0x20, 0x1d, 0x1d, 0x20, 0x1d, 0x1d, 0x20, 0x1d, 0x1d, 0x20, 0x1d, 0x1d,
	0x20, 0x1d, 0x1d, 0x20, 0x1d, 0x1d, 0x20, 0x1d, 0x1d, 0x20, 0x1d, 0x1d, 0x20, 0x1d, 0x1d, 0x20,
	0x1d, 0x1d, 0x20, 0x1d, 0x1d, 0x20, 0x1d, 0x1d, 0x20, 0x1d, 0x1d, 0x20, 0x1d, 0x1d, 0x20, 0x1d,
	0x1d, 0x20, 0x1d, 0x1d, 0x20, 0x1d, 0x1d, 0x20, 0x1d, 0x1d, 0x20, 0x1d, 0x1d, 0x20, 0x1d, 0x1d,
	0x20, 0x1d, 0x1d, 0x20, 0x1d, 0x1d, 0x20, 0x1d, 0x1d, 0x20, 0x1d, 0x1d, 0x20, 0x1d, 0x1d, 0x20,
	0x1d, 0x1d, 0x20, 0x1d, 0x1d, 0x20, 0x1d, 0x1d, 0x20, 0x1d, 0x1d, 0x20, 0x1d, 0x1d, 0x20, 0x1d,
	0x1d, 0x20, 0x1d, 0x1d, 0x20, 0x1d, 0x1d, 0x20, 0x1d, 0x1d, 0x20, 0x1d, 0x1d, 0x20, 0x1d, 0x1d,
	0x20, 0x1d, 0x1d, 0x20, 0x1d, 0x1d, 0x20, 0x1d, 0x1d, 0x20, 0x1d, 0x1d, 0x20, 0x1d, 0x1d, 0x20,
	0x1d, 0x1d, 0x20, 0x1d, 0x1d, 0x20, 0x1d, 0x1d, 0x20, 0x1d, 0x1d, 0x20, 0x1d, 0x1d, 0x20, 0x1d,
	0x1d, 0x20, 0x1d, 0x1d, 0x20, 0x1d, 0x1d, 0x20, 0x1d, 0x1d, 0x20, 0x17, 0x17, 0x19, 0x02, 0x02,
	0x03, 0x00, 0x00, 0x00, 0x00, 0x00, 0x00, 0x00, 0x00, 0x00, 0x00, 0x00, 0x00, 0x00, 0x00, 0x00,
	0x00, 0x00, 0x00, 0x00, 0x00, 0x00, 0x00, 0x00, 0x00, 0x00, 0x00, 0x00, 0x02, 0x02, 0x03, 0x19,
	0x19, 0x1b, 0x1d, 0x1d, 0x20, 0x1d, 0x1d, 0x20, 0x1d, 0x1d, 0x20, 0x1d, 0x1d, 0x20, 0x1d, 0x1d,
	0x20, 0x1d, 0x1d, 0x20, 0x1d, 0x1d, 0x20, 0x1d, 0x1d, 0x20, 0x1d, 0x1d, 0x20, 0x1d, 0x1d, 0x20,
	0x1d, 0x1d, 0x20, 0x1d, 0x1d, 0x20, 0x1d, 0x1d, 0x20, 0x1d, 0x1d, 0x20, 0x1d, 0x1d, 0x20, 0x1d,
	0x1d, 0x20, 0x1d, 0x1d, 0x20, 0x1d, 0x1d, 0x20, 0x1d, 0x1d, 0x20, 0x1d, 0x1d, 0x20, 0x1d, 0x1d,
	0x20, 0x1d, 0x1d, 0x20, 0x1d, 0x1d, 0x20, 0x1d, 0x1d, 0x20, 0x1d, 0x1d, 0x20, 0x1d, 0x1d, 0x20,
	0x1d, 0x1d, 0x20, 0x1d, 0x1d, 0x20, 0x1d, 0x1d, 0x20, 0x1d, 0x1d, 0x20, 0x1d, 0x1d, 0x20, 0x1d,
	0x1d, 0x20, 0x1d, 0x1d, 0x20, 0x1d, 0x1d, 0x20, 0x1d, 0x1d, 0x20, 0x1d, 0x1d, 0x20, 0x1d, 0x1d,
	0x20, 0x1d, 0x1d, 0x20, 0x1d, 0x1d, 0x20, 0x1d, 0x1d, 0x20, 0x1d, 0x1d, 0x20, 0x1d, 0x1d, 0x20,
	0x1d, 0x1d, 0x20, 0x1d, 0x1d, 0x20, 0x1d, 0x1d, 0x20, 0x1d, 0x1d, 0x20, 0x1d, 0x1d, 0x20, 0x1d,
	0x1d, 0x20, 0x1d, 0x1d, 0x20, 0x1d, 0x1d, 0x20, 0x1d, 0x1d, 0x20, 0x1d, 0x1d, 0x20, 0x1d, 0x1d,
	0x20, 0x1d, 0x1d, 0x20, 0x1d, 0x1d, 0x20, 0x1d, 0x1d, 0x20, 0x1d, 0x1d, 0x20, 0x1d, 0x1d, 0x20,
	0x1d, 0x1d, 0x20, 0x1d, 0x1d, 0x20, 0x1d, 0x1d, 0x20, 0x1d, 0x1d, 0x20, 0x1d, 0x1d, 0x20, 0x1d,
	0x1d, 0x20, 0x1d, 0x1d, 0x20, 0x1d, 0x1d, 0x20, 0x1d, 0x1d, 0x20, 0x1d, 0x1d, 0x20, 0x19, 0x19,
	0x1b, 0x02, 0x02, 0x03, 0x00, 0x00, 0x00, 0x00, 0x00, 0x00, 0x00, 0x00, 0x00, 0x00, 0x00, 0x00,
	0x00, 0x00, 0x00, 0x00, 0x00, 0x00, 0x00, 0x00, 0x00, 0x01, 0x01, 0x01, 0x16, 0x16, 0x19, 0x1c,
	0x1c, 0x1f, 0x1c, 0x1c, 0x1f, 0x1d, 0x1d, 0x1f, 0x1c, 0x1c, 0x1f, 0x1d, 0x1d, 0x1f, 0x1c, 0x1c,
	0x1f, 0x1c, 0x1c, 0x1f, 0x1d, 0x1d, 0x1f, 0x1c, 0x1c, 0x1f, 0x1d, 0x1d, 0x1f, 0x1c, 0x1c, 0x1f,
	0x1c, 0x1c, 0x1f, 0x1c, 0x1c, 0x1f, 0x1c, 0x1c, 0x1f, 0x1d, 0x1d, 0x1f, 0x1c, 0x1c, 0x1f, 0x1c,
	0x1c, 0x1f, 0x1c, 0x1c, 0x1f, 0x1c, 0x1c, 0x1f, 0x1d, 0x1d, 0x1f, 0x1c, 0x1c, 0x1f, 0x1c, 0x1c,
	0x1f, 0x1c, 0x1c, 0x1f, 0x1c, 0x1c, 0x1f, 0x1d, 0x1d, 0x1f, 0x1c, 0x1c, 0x1f, 0x1c, 0x1c, 0x1f,
	0x1c, 0x1c, 0x1f, 0x1c, 0x1c, 0x1f, 0x1d, 0x1d, 0x1f, 0x1c, 0x1c, 0x1f, 0x1c, 0x1c, 0x1f, 0x1c,
	0x1c, 0x1f, 0x1c, 0x1c, 0x1f, 0x1d, 0x1d, 0x1f, 0x1c, 0x1c, 0x1f, 0x1c, 0x1c, 0x1f, 0x1c, 0x1c,
	0x1f, 0x1c, 0x1c, 0x1f, 0x1d, 0x1d, 0x1f, 0x1d, 0x1d, 0x1f, 0x1d, 0x1d, 0x1f, 0x1c, 0x1c, 0x1f,
	0x1c, 0x1c, 0x1f, 0x1d, 0x1d, 0x1f, 0x1d, 0x1d, 0x1f, 0x1d, 0x1d, 0x1f, 0x1c, 0x1c, 0x1f, 0x1c,
	0x1c, 0x1f, 0x1d, 0x1d, 0x1f, 0x1c, 0x1c, 0x1f, 0x1d, 0x1d, 0x1f, 0x1c, 0x1c, 0x1f, 0x1c, 0x1c,
	0x1f, 0x1d, 0x1d, 0x1f, 0x1c, 0x1c, 0x1f, 0x1d, 0x1d, 0x1f, 0x1c, 0x1c, 0x1f, 0x1c, 0x1c, 0x1f,
	0x1d, 0x1d, 0x1f, 0x1c, 0x1c, 0x1f, 0x1d, 0x1d, 0x1f, 0x1c, 0x1c, 0x1f, 0x1c, 0x1c, 0x1f, 0x1d,
	0x1d, 0x1f, 0x1c, 0x1c, 0x1f, 0x1d, 0x1d, 0x1f, 0x1c, 0x1c, 0x1f, 0x1c, 0x1c, 0x1f, 0x1d, 0x1d,
	0x1f, 0x16, 0x16, 0x19, 0x01, 0x01, 0x01, 0x00, 0x00, 0x00, 0x00, 0x00, 0x00, 0x00, 0x00, 0x00,
	0x00, 0x00, 0x00, 0x00, 0x00, 0x00, 0x00, 0x00, 0x00, 0x11, 0x11, 0x13, 0x1c, 0x1c, 0x1f, 0x1c,
	0x1c, 0x1f, 0x1c, 0x1c, 0x1f, 0x1c, 0x1c, 0x1f, 0x1c, 0x1c, 0x1f, 0x1c, 0x1c, 0x1f, 0x1c, 0x1c,
	0x1f, 0x1c, 0x1c, 0x1f, 0x1c, 0x1c, 0x1f, 0x1c, 0x1c, 0x1f, 0x1c, 0x1c, 0x1f, 0x1c, 0x1c, 0x1f,
	0x1c, 0x1c, 0x1f, 0x1c, 0x1c, 0x1f, 0x1c, 0x1c, 0x1f, 0x1c, 0x1c, 0x1f, 0x1c, 0x1c, 0x1f, 0x1c,
	0x1c, 0x1f, 0x1c, 0x1c, 0x1f, 0x1c, 0x1c, 0x1f, 0x1c, 0x1c, 0x1f, 0x1c, 0x1c, 0x1f, 0x1c, 0x1c,
	0x1f, 0x1c, 0x1c, 0x1f, 0x1c, 0x1c, 0x1f, 0x1c, 0x1c, 0x1f, 0x1c, 0x1c, 0x1f, 0x1c, 0x1c, 0x1f,
	0x1c, 0x1c, 0x1f, 0x1c, 0x1c, 0x1f, 0x1c, 0x1c, 0x1f, 0x1c, 0x1c, 0x1f, 0x1c, 0x1c, 0x1f, 0x1c,
	0x1c, 0x1f, 0x1c, 0x1c, 0x1f, 0x1c, 0x1c, 0x1f, 0x1c, 0x1c, 0x1f, 0x1c, 0x1c, 0x1f, 0x1c, 0x1c,
	0x1f, 0x1c, 0x1c, 0x1f, 0x1c, 0x1c, 0x1f, 0x1c, 0x1c, 0x1f, 0x1c, 0x1c, 0x1f, 0x1c, 0x1c, 0x1f,
	0x1c, 0x1c, 0x1f, 0x1c, 0x1c, 0x1f, 0x1c, 0x1c, 0x1f, 0x1c, 0x1c, 0x1f, 0x1c, 0x1c, 0x1f, 0x1c,
	0x1c, 0x1f, 0x1c, 0x1c, 0x1f, 0x1c, 0x1c, 0x1f, 0x1c, 0x1c, 0x1f, 0x1c, 0x1c, 0x1f, 0x1c, 0x1c,
	0x1f, 0x1c, 0x1c, 0x1f, 0x1c, 0x1c, 0x1f, 0x1c, 0x1c, 0x1f, 0x1c, 0x1c, 0x1f, 0x1c, 0x1c, 0x1f,
	0x1c, 0x1c, 0x1f, 0x1c, 0x1c, 0x1f, 0x1c, 0x1c, 0x1f, 0x1c, 0x1c, 0x1f, 0x1c, 0x1c, 0x1f, 0x1c,
	0x1c, 0x1f, 0x1c, 0x1c, 0x1f, 0x1c, 0x1c, 0x1f, 0x1c, 0x1c, 0x1f, 0x1c, 0x1c, 0x1f, 0x1c, 0x1c,
	0x1f, 0x1c, 0x1c, 0x1f, 0x11, 0x11, 0x13, 0x00, 0x00, 0x00, 0x00, 0x00, 0x00, 0x00, 0x00, 0x00,
	0x00, 0x00, 0x00, 0x00, 0x00, 0x00, 0x07, 0x07, 0x08, 0x1c, 0x1c, 0x1f, 0x1c, 0x1c, 0x1f, 0x1c,
	0x1c, 0x1f, 0x1c, 0x1c, 0x1f, 0x1c, 0x1c, 0x1f, 0x1c, 0x1c, 0x1f, 0x1c, 0x1c, 0x1f, 0x1c, 0x1c,
	0x1f, 0x1c, 0x1c, 0x1f, 0x1c, 0x1c, 0x1f, 0x1c, 0x1c, 0x1f, 0x1c, 0x1c, 0x1f, 0x1c, 0x1c, 0x1f,
	0x1c, 0x1c, 0x1f, 0x1c, 0x1c, 0x1f, 0x1c, 0x1c, 0x1f, 0x1c, 0x1c, 0x1f, 0x1c, 0x1c, 0x1f, 0x1c,
	0x1c, 0x1f, 0x1c, 0x1c, 0x1f, 0x1c, 0x1c, 0x1f, 0x1c, 0x1c, 0x1f, 0x1c, 0x1c, 0x1f, 0x1c, 0x1c,
	0x1f, 0x1c, 0x1c, 0x1f, 0x1c, 0x1c, 0x1f, 0x1c, 0x1c, 0x1f, 0x1c, 0x1c, 0x1f, 0x1c, 0x1c, 0x1f,
	0x1c, 0x1c, 0x1f, 0x1c, 0x1c, 0x1f, 0x1c, 0x1c, 0x1f, 0x1c, 0x1c, 0x1f, 0x1c, 0x1c, 0x1f, 0x1c,
	0x1c, 0x1f, 0x1c, 0x1c, 0x1f, 0x1c, 0x1c, 0x1f, 0x1c, 0x1c, 0x1f, 0x1c, 0x1c, 0x1f, 0x1c, 0x1c,
	0x1f, 0x1c, 0x1c, 0x1f, 0x1c, 0x1c, 0x1f, 0x1c, 0x1c, 0x1f, 0x1c, 0x1c, 0x1f, 0x1c, 0x1c, 0x1f,
	0x1c, 0x1c, 0x1f, 0x1c, 0x1c, 0x1f, 0x1c, 0x1c, 0x1f, 0x1c, 0x1c, 0x1f, 0x1c, 0x1c, 0x1f, 0x1c,
	0x1c, 0x1f, 0x1c, 0x1c, 0x1f, 0x1c, 0x1c, 0x1f, 0x1c, 0x1c, 0x1f, 0x1c, 0x1c, 0x1f, 0x1c, 0x1c,
	0x1f, 0x1c, 0x1c, 0x1f, 0x1c, 0x1c, 0x1f, 0x1c, 0x1c, 0x1f, 0x1c, 0x1c, 0x1f, 0x1c, 0x1c, 0x1f,
	0x1c, 0x1c, 0x1f, 0x1c, 0x1c, 0x1f, 0x1c, 0x1c, 0x1f, 0x1c, 0x1c, 0x1f, 0x1c, 0x1c, 0x1f, 0x1c,
	0x1c, 0x1f, 0x1c, 0x1c, 0x1f, 0x1c, 0x1c, 0x1f, 0x1c, 0x1c, 0x1f, 0x1c, 0x1c, 0x1f, 0x1c, 0x1c,
	0x1f, 0x1c, 0x1c, 0x1f, 0x1c, 0x1c, 0x1f, 0x07, 0x07, 0x08, 0x00, 0x00, 0x00, 0x00, 0x00, 0x00,
	0x00, 0x00, 0x00, 0x00, 0x00, 0x00, 0x18, 0x18, 0x19, 0x1c, 0x1c, 0x1e, 0x1c, 0x1c, 0x1e, 0x1c,
	0x1c, 0x1e, 0x1c, 0x1c, 0x1e, 0x1c, 0x1c, 0x1e, 0x1c, 0x1c, 0x1f, 0x1c, 0x1c, 0x1e, 0x1c, 0x1c,
	0x1f, 0x1c, 0x1c, 0x1e, 0x1c, 0x1c, 0x1e, 0x1c, 0x1c, 0x1f, 0x1c, 0x1c, 0x1e, 0x1c, 0x1c, 0x1f,
	0x1c, 0x1c, 0x1e, 0x1c, 0x1c, 0x1e, 0x1c, 0x1c, 0x1f, 0x1c, 0x1c, 0x1e, 0x1c, 0x1c, 0x1f, 0x1c,
	0x1c, 0x1e, 0x1c, 0x1c, 0x1e, 0x1c, 0x1c, 0x1f, 0x1c, 0x1c, 0x1e, 0x1c, 0x1c, 0x1f, 0x1c, 0x1c,
	0x1e, 0x1c, 0x1c, 0x1e, 0x1c, 0x1c, 0x1f, 0x1c, 0x1c, 0x1e, 0x1c, 0x1c, 0x1f, 0x1c, 0x1c, 0x1e,
	0x1c, 0x1c, 0x1e, 0x1c, 0x1c, 0x1f, 0x1c, 0x1c, 0x1e, 0x1c, 0x1c, 0x1f, 0x1c, 0x1c, 0x1e, 0x1c,
	0x1c, 0x1e, 0x1c, 0x1c, 0x1e, 0x1c, 0x1c, 0x1e, 0x1c, 0x1c, 0x1f, 0x1c, 0x1c, 0x1e, 0x1c, 0x1c,
	0x1e, 0x1c, 0x1c, 0x1e, 0x1c, 0x1c, 0x1e, 0x1c, 0x1c, 0x1f, 0x1c, 0x1c, 0x1e, 0x1c, 0x1c, 0x1e,
	0x1c, 0x1c, 0x1e, 0x1c, 0x1c, 0x1e, 0x1c, 0x1c, 0x1f, 0x1c, 0x1c, 0x1e, 0x1c, 0x1c, 0x1e, 0x1c,
	0x1c, 0x1e, 0x1c, 0x1c, 0x1e, 0x1c, 0x1c, 0x1f, 0x1c, 0x1c, 0x1e, 0x1c, 0x1c, 0x1e, 0x1c, 0x1c,
	0x1e, 0x1c, 0x1c, 0x1e, 0x1c, 0x1c, 0x1f, 0x1c, 0x1c, 0x1e, 0x1c, 0x1c, 0x1e, 0x1c, 0x1c, 0x1e,
	0x1c, 0x1c, 0x1e, 0x1c, 0x1c, 0x1e, 0x1c, 0x1c, 0x1e, 0x1c, 0x1c, 0x1e, 0x1c, 0x1c, 0x1e, 0x1c,
	0x1c, 0x1e, 0x1c, 0x1c, 0x1e, 0x1c, 0x1c, 0x1e, 0x1c, 0x1c, 0x1e, 0x1c, 0x1c, 0x1e, 0x1c, 0x1c,
	0x1e, 0x1c, 0x1c, 0x1e, 0x1c, 0x1c, 0x1e, 0x18, 0x18, 0x19, 0x00, 0x00, 0x00, 0x00, 0x00, 0x00,
	0x00, 0x00, 0x00, 0x09, 0x09, 0x0a, 0x1b, 0x1b, 0x1e, 0x1b, 0x1b, 0x1e, 0x1b, 0x1b, 0x1e, 0x1b,
	0x1b, 0x1e, 0x1b, 0x1b, 0x1e, 0x1b, 0x1b, 0x1e, 0x1b, 0x1b, 0x1e, 0x1b, 0x1b, 0x1e, 0x1b, 0x1b,
	0x1e, 0x1b, 0x1b, 0x1e, 0x1b, 0x1b, 0x1e, 0x1b, 0x1b, 0x1e, 0x1b, 0x1b, 0x1e, 0x1b, 0x1b, 0x1e,
	0x1b, 0x1b, 0x1e, 0x1b, 0x1b, 0x1e, 0x1b, 0x1b, 0x1e, 0x1b, 0x1b, 0x1e, 0x1b, 0x1b, 0x1e, 0x1b,
	0x1b, 0x1e, 0x1b, 0x1b, 0x1e, 0x1b, 0x1b, 0x1e, 0x1b, 0x1b, 0x1e, 0x1b, 0x1b, 0x1e, 0x1b, 0x1b,
	0x1e, 0x1b, 0x1b, 0x1e, 0x1b, 0x1b, 0x1e, 0x1b, 0x1b, 0x1e, 0x1b, 0x1b, 0x1e, 0x1b, 0x1b, 0x1e,
	0x1b, 0x1b, 0x1e, 0x1b, 0x1b, 0x1e, 0x1b, 0x1b, 0x1e, 0x1b, 0x1b, 0x1e, 0x1b, 0x1b, 0x1e, 0x1b,
	0x1b, 0x1e, 0x1b, 0x1b, 0x1e, 0x1b, 0x1b, 0x1e, 0x1b, 0x1b, 0x1e, 0x1b, 0x1b, 0x1e, 0x1b, 0x1b,
	0x1e, 0x1b, 0x1b, 0x1e, 0x1b, 0x1b, 0x1e, 0x1b, 0x1b, 0x1e, 0x1b, 0x1b, 0x1e, 0x1b, 0x1b, 0x1e,
	0x1b, 0x1b, 0x1e, 0x1b, 0x1b, 0x1e, 0x1b, 0x1b, 0x1e, 0x1b, 0x1b, 0x1e, 0x1b, 0x1b, 0x1e, 0x1b,
	0x1b, 0x1e, 0x1b, 0x1b, 0x1e, 0x1b, 0x1b, 0x1e, 0x1b, 0x1b, 0x1e, 0x1b, 0x1b, 0x1e, 0x1b, 0x1b,
	0x1e, 0x1b, 0x1b, 0x1e, 0x1b, 0x1b, 0x1e, 0x1b, 0x1b, 0x1e, 0x1b, 0x1b, 0x1e, 0x1b, 0x1b, 0x1e,
	0x1b, 0x1b, 0x1e, 0x1b, 0x1b, 0x1e, 0x1b, 0x1b, 0x1e, 0x1b, 0x1b, 0x1e, 0x1b, 0x1b, 0x1e, 0x1b,
	0x1b, 0x1e, 0x1b, 0x1b, 0x1e, 0x1b, 0x1b, 0x1e, 0x1b, 0x1b, 0x1e, 0x1b, 0x1b, 0x1e, 0x1c, 0x1c,
	0x1e, 0x1b, 0x1b, 0x1e, 0x1b, 0x1b, 0x1e, 0x1b, 0x1b, 0x1e, 0x09, 0x09, 0x0a, 0x00, 0x00, 0x00,
	0x00, 0x00, 0x00, 0x15, 0x15, 0x17, 0x1b, 0x1b, 0x1e, 0x1b, 0x1b, 0x1e, 0x1b, 0x1b, 0x1e, 0x1b,
	0x1b, 0x1e, 0x1b, 0x1b, 0x1e, 0x1b, 0x1b, 0x1e, 0x1b, 0x1b, 0x1e, 0x1b, 0x1b, 0x1e, 0x1b, 0x1b,
	0x1e, 0x1b, 0x1b, 0x1e, 0x1b, 0x1b, 0x1e, 0x1b, 0x1b, 0x1e, 0x1b, 0x1b, 0x1e, 0x1b, 0x1b, 0x1e,
	0x1b, 0x1b, 0x1e, 0x1b, 0x1b, 0x1e, 0x1b, 0x1b, 0x1e, 0x1b, 0x1b, 0x1e, 0x1b, 0x1b, 0x1e, 0x1b,
	0x1b, 0x1e, 0x1b, 0x1b, 0x1e, 0x1b, 0x1b, 0x1e, 0x1b, 0x1b, 0x1e, 0x1b, 0x1b, 0x1e, 0x1b, 0x1b,
	0x1e, 0x1b, 0x1b, 0x1e, 0x1b, 0x1b, 0x1e, 0x1b, 0x1b, 0x1e, 0x1b, 0x1b, 0x1e, 0x1b, 0x1b, 0x1e,
	0x1b, 0x1b, 0x1e, 0x1b, 0x1b, 0x1e, 0x1b, 0x1b, 0x1e, 0x1b, 0x1b, 0x1e, 0x1b, 0x1b, 0x1e, 0x1b,
	0x1b, 0x1e, 0x1b, 0x1b, 0x1e, 0x1b, 0x1b, 0x1e, 0x1b, 0x1b, 0x1e, 0x1b, 0x1b, 0x1e, 0x1b, 0x1b,
	0x1e, 0x1b, 0x1b, 0x1e, 0x1b, 0x1b, 0x1e, 0x1b, 0x1b, 0x1e, 0x1b, 0x1b, 0x1e, 0x1b, 0x1b, 0x1e,
	0x1b, 0x1b, 0x1e, 0x1b, 0x1b, 0x1e, 0x1b, 0x1b, 0x1e, 0x1b, 0x1b, 0x1e, 0x1b, 0x1b, 0x1e, 0x1b,
	0x1b, 0x1e, 0x1b, 0x1b, 0x1e, 0x1b, 0x1b, 0x1e, 0x1b, 0x1b, 0x1e, 0x1b, 0x1b, 0x1e, 0x1b, 0x1b,
	0x1e, 0x1b, 0x1b, 0x1e, 0x1b, 0x1b, 0x1e, 0x1b, 0x1b, 0x1e, 0x1b, 0x1b, 0x1e, 0x1b, 0x1b, 0x1e,
	0x1b, 0x1b, 0x1e, 0x1b, 0x1b, 0x1e, 0x1b, 0x1b, 0x1e, 0x1b, 0x1b, 0x1e, 0x1b, 0x1b, 0x1e, 0x1b,
	0x1b, 0x1e, 0x1b, 0x1b, 0x1e, 0x1b, 0x1b, 0x1e, 0x1b, 0x1b, 0x1e, 0x1b, 0x1b, 0x1e, 0x1b, 0x1b,
	0x1e, 0x1b, 0x1b, 0x1e, 0x1b, 0x1b, 0x1e, 0x1b, 0x1b, 0x1e, 0x15, 0x15, 0x17, 0x00, 0x00, 0x00,
	0x04, 0x04, 0x04, 0x1b, 0x1b, 0x1e, 0x1b, 0x1b, 0x1e, 0x1b, 0x1b, 0x1e, 0x1b, 0x1b, 0x1e, 0x1b,
	0x1b, 0x1e, 0x1b, 0x1b, 0x1e, 0x1b, 0x1b, 0x1e, 0x1b, 0x1b, 0x1e, 0x1b, 0x1b, 0x1e, 0x1b, 0x1b,
	0x1e, 0x1b, 0x1b, 0x1e, 0x1b, 0x1b, 0x1e, 0x1b, 0x1b, 0x1e, 0x1b, 0x1b, 0x1e, 0x1b, 0x1b, 0x1e,
	0x1b, 0x1b, 0x1e, 0x1b, 0x1b, 0x1e, 0x1b, 0x1b, 0x1e, 0x1b, 0x1b, 0x1e, 0x1b, 0x1b, 0x1e, 0x1b,
	0x1b, 0x1e, 0x1b, 0x1b, 0x1e, 0x1b, 0x1b, 0x1e, 0x1b, 0x1b, 0x1e, 0x1b, 0x1b, 0x1e, 0x1b, 0x1b,
	0x1e, 0x1b, 0x1b, 0x1e, 0x1b, 0x1b, 0x1e, 0x1b, 0x1b, 0x1e, 0x1b, 0x1b, 0x1e, 0x1b, 0x1b, 0x1e,
	0x1b, 0x1b, 0x1e, 0x1b, 0x1b, 0x1e, 0x1b, 0x1b, 0x1e, 0x1b, 0x1b, 0x1e, 0x1b, 0x1b, 0x1e, 0x1b,
	0x1b, 0x1e, 0x1b, 0x1b, 0x1e, 0x1b, 0x1b, 0x1e, 0x1b, 0x1b, 0x1e, 0x1b, 0x1b, 0x1e, 0x1b, 0x1b,
	0x1e, 0x1b, 0x1b, 0x1e, 0x1b, 0x1b, 0x1e, 0x1b, 0x1b, 0x1e, 0x1b, 0x1b, 0x1e, 0x1b, 0x1b, 0x1e,
	0x1b, 0x1b, 0x1e, 0x1b, 0x1b, 0x1e, 0x1b, 0x1b, 0x1e, 0x1b, 0x1b, 0x1e, 0x1b, 0x1b, 0x1e, 0x1b,
	0x1b, 0x1e, 0x1b, 0x1b, 0x1e, 0x1b, 0x1b, 0x1e, 0x1b, 0x1b, 0x1e, 0x1b, 0x1b, 0x1e, 0x1b, 0x1b,
	0x1e, 0x1b, 0x1b, 0x1e, 0x1b, 0x1b, 0x1e, 0x1b, 0x1b, 0x1e, 0x1b, 0x1b, 0x1e, 0x1b, 0x1b, 0x1e,
	0x1b, 0x1b, 0x1e, 0x1b, 0x1b, 0x1e, 0x1b, 0x1b, 0x1e, 0x1b, 0x1b, 0x1e, 0x1b, 0x1b, 0x1e, 0x1b,
	0x1b, 0x1e, 0x1b, 0x1b, 0x1e, 0x1b, 0x1b, 0x1e, 0x1b, 0x1b, 0x1e, 0x1b, 0x1b, 0x1e, 0x1b, 0x1b,
	0x1e, 0x1b, 0x1b, 0x1e, 0x1b, 0x1b, 0x1e, 0x1b, 0x1b, 0x1e, 0x1b, 0x1b, 0x1e, 0x04, 0x04, 0x04,
	0x0b, 0x0b, 0x0c, 0x1b, 0x1b, 0x1d, 0x1b, 0x1b, 0x1d, 0x1b, 0x1b, 0x1d, 0x1b, 0x1b, 0x1d, 0x1b,
	0x1b, 0x1d, 0x1b, 0x1b, 0x1d, 0x1b, 0x1b, 0x1d, 0x1b, 0x1b, 0x1d, 0x1b, 0x1b, 0x1d, 0x1b, 0x1b,
	0x1d, 0x1b, 0x1b, 0x1d, 0x1b, 0x1b, 0x1d, 0x1b, 0x1b, 0x1d, 0x1b, 0x1b, 0x1d, 0x1b, 0x1b, 0x1d,
	0x1b, 0x1b, 0x1d, 0x1b, 0x1b, 0x1d, 0x1b, 0x1b, 0x1d, 0x1b, 0x1b, 0x1d, 0x1b, 0x1b, 0x1d, 0x1b,
	0x1b, 0x1d, 0x1b, 0x1b, 0x1d, 0x1b, 0x1b, 0x1d, 0x1b, 0x1b, 0x1d, 0x1b, 0x1b, 0x1d, 0x1b, 0x1b,
	0x1d, 0x1b, 0x1b, 0x1d, 0x1b, 0x1b, 0x1d, 0x1b, 0x1b, 0x1d, 0x1b, 0x1b, 0x1d, 0x1b, 0x1b, 0x1d,
	0x1b, 0x1b, 0x1d, 0x1b, 0x1b, 0x1d, 0x1b, 0x1b, 0x1d, 0x1b, 0x1b, 0x1d, 0x1b, 0x1b, 0x1d, 0x1b,
	0x1b, 0x1d, 0x1b, 0x1b, 0x1d, 0x1b, 0x1b, 0x1d, 0x1b, 0x1b, 0x1d, 0x1b, 0x1b, 0x1d, 0x1b, 0x1b,
	0x1d, 0x1b, 0x1b, 0x1d, 0x1b, 0x1b, 0x1d, 0x1b, 0x1b, 0x1d, 0x1b, 0x1b, 0x1d, 0x1b, 0x1b, 0x1d,
	0x1b, 0x1b, 0x1d, 0x1b, 0x1b, 0x1d, 0x1b, 0x1b, 0x1d, 0x1b, 0x1b, 0x1d, 0x1b, 0x1b, 0x1d, 0x1b,
	0x1b, 0x1d, 0x1b, 0x1b, 0x1d, 0x1b, 0x1b, 0x1d, 0x1b, 0x1b, 0x1d, 0x1b, 0x1b, 0x1d, 0x1b, 0x1b,
	0x1d, 0x1b, 0x1b, 0x1d, 0x1b, 0x1b, 0x1d, 0x1b, 0x1b, 0x1d, 0x1b, 0x1b, 0x1d, 0x1b, 0x1b, 0x1d,
	0x1b, 0x1b, 0x1d, 0x1b, 0x1b, 0x1d, 0x1b, 0x1b, 0x1d, 0x1b, 0x1b, 0x1d, 0x1b, 0x1b, 0x1d, 0x1b,
	0x1b, 0x1d, 0x1b, 0x1b, 0x1d, 0x1b, 0x1b, 0x1d, 0x1b, 0x1b, 0x1d, 0x1b, 0x1b, 0x1d, 0x1b, 0x1b,
	0x1d, 0x1b, 0x1b, 0x1d, 0x1b, 0x1b, 0x1d, 0x1b, 0x1b, 0x1d, 0x1b, 0x1b, 0x1d, 0x0b, 0x0b, 0x0c,
	0x11, 0x11, 0x13, 0x1a, 0x1a, 0x1d, 0x1a, 0x1a, 0x1d, 0x1a, 0x1a, 0x1d, 0x1a, 0x1a, 0x1d, 0x1a,
	0x1a, 0x1d, 0x1a, 0x1a, 0x1d, 0x1a, 0x1a, 0x1d, 0x1a, 0x1a, 0x1d, 0x1a, 0x1a, 0x1d, 0x1a, 0x1a,
	0x1d, 0x1a, 0x1a, 0x1d, 0x1a, 0x1a, 0x1d, 0x1a, 0x1a, 0x1d, 0x1a, 0x1a, 0x1d, 0x1a, 0x1a, 0x1d,
	0x1a, 0x1a, 0x1d, 0x1a, 0x1a, 0x1d, 0x1a, 0x1a, 0x1d, 0x1a, 0x1a, 0x1d, 0x1b, 0x1b, 0x1d, 0x1a,
	0x1a, 0x1d, 0x1a, 0x1a, 0x1d, 0x1a, 0x1a, 0x1d, 0x1a, 0x1a, 0x1d, 0x1b, 0x1b, 0x1d, 0x1a, 0x1a,
	0x1d, 0x1a, 0x1a, 0x1d, 0x1a, 0x1a, 0x1d, 0x1a, 0x1a, 0x1d, 0x1b, 0x1b, 0x1d, 0x1a, 0x1a, 0x1d,
	0x1a, 0x1a, 0x1d, 0x1a, 0x1a, 0x1d, 0x1a, 0x1a, 0x1d, 0x1b, 0x1b, 0x1d, 0x1a, 0x1a, 0x1d, 0x1a,
	0x1a, 0x1d, 0x1a, 0x1a, 0x1d, 0x1a, 0x1a, 0x1d, 0x1b, 0x1b, 0x1d, 0x1a, 0x1a, 0x1d, 0x1a, 0x1a,
	0x1d, 0x1a, 0x1a, 0x1d, 0x1a, 0x1a, 0x1d, 0x1b, 0x1b, 0x1d, 0x1a, 0x1a, 0x1d, 0x1a, 0x1a, 0x1d,
	0x1a, 0x1a, 0x1d, 0x1a, 0x1a, 0x1d, 0x1b, 0x1b, 0x1d, 0x1a, 0x1a, 0x1d, 0x1a, 0x1a, 0x1d, 0x1a,
	0x1a, 0x1d, 0x1a, 0x1a, 0x1d, 0x1b, 0x1b, 0x1d, 0x1a, 0x1a, 0x1d, 0x1a, 0x1a, 0x1d, 0x1a, 0x1a,
	0x1d, 0x1a, 0x1a, 0x1d, 0x1b, 0x1b, 0x1d, 0x1a, 0x1a, 0x1d, 0x1a, 0x1a, 0x1d, 0x1a, 0x1a, 0x1d,
	0x1a, 0x1a, 0x1d, 0x1a, 0x1a, 0x1d, 0x1a, 0x1a, 0x1d, 0x1a, 0x1a, 0x1d, 0x1a, 0x1a, 0x1d, 0x1a,
	0x1a, 0x1d, 0x1a, 0x1a, 0x1d, 0x1a, 0x1a, 0x1d, 0x1a, 0x1a, 0x1d, 0x1a, 0x1a, 0x1d, 0x1a, 0x1a,
	0x1d, 0x1a, 0x1a, 0x1d, 0x1a, 0x1a, 0x1d, 0x1a, 0x1a, 0x1d, 0x1a, 0x1a, 0x1d, 0x11, 0x11, 0x13,
	0x15, 0x15, 0x17, 0x1a, 0x1a, 0x1d, 0x1a, 0x1a, 0x1d, 0x1a, 0x1a, 0x1d, 0x1a, 0x1a, 0x1d, 0x1a,
	0x1a, 0x1d, 0x1a, 0x1a, 0x1d, 0x1a, 0x1a, 0x1d, 0x1a, 0x1a, 0x1d, 0x1a, 0x1a, 0x1d, 0x1a, 0x1a,
	0x1d, 0x1a, 0x1a, 0x1d, 0x1a, 0x1a, 0x1d, 0x1a, 0x1a, 0x1d, 0x1a, 0x1a, 0x1d, 0x1a, 0x1a, 0x1d,
	0x1a, 0x1a, 0x1d, 0x1a, 0x1a, 0x1d, 0x1a, 0x1a, 0x1d, 0x1a, 0x1a, 0x1d, 0x1a, 0x1a, 0x1d, 0x1a,
	0x1a, 0x1d, 0x1a, 0x1a, 0x1d, 0x1a, 0x1a, 0x1d, 0x1a, 0x1a, 0x1d, 0x1a, 0x1a, 0x1d, 0x1a, 0x1a,
	0x1d, 0x1a, 0x1a, 0x1d, 0x1a, 0x1a, 0x1d, 0x1a, 0x1a, 0x1d, 0x1a, 0x1a, 0x1d, 0x1a, 0x1a, 0x1d,
	0x1a, 0x1a, 0x1d, 0x1a, 0x1a, 0x1d, 0x1a, 0x1a, 0x1d, 0x1a, 0x1a, 0x1d, 0x1a, 0x1a, 0x1d, 0x1a,
	0x1a, 0x1d, 0x1a, 0x1a, 0x1d, 0x1a, 0x1a, 0x1d, 0x1a, 0x1a, 0x1d, 0x1a, 0x1a, 0x1d, 0x1a, 0x1a,
	0x1d, 0x1a, 0x1a, 0x1d, 0x1a, 0x1a, 0x1d, 0x1a, 0x1a, 0x1d, 0x1a, 0x1a, 0x1d, 0x1a, 0x1a, 0x1d,
	0x1a, 0x1a, 0x1d, 0x1a, 0x1a, 0x1d, 0x1a, 0x1a, 0x1d, 0x1a, 0x1a, 0x1d, 0x1a, 0x1a, 0x1d, 0x1a,
	0x1a, 0x1d, 0x1a, 0x1a, 0x1d, 0x1a, 0x1a, 0x1d, 0x1a, 0x1a, 0x1d, 0x1a, 0x1a, 0x1d, 0x1a, 0x1a,
	0x1d, 0x1a, 0x1a, 0x1d, 0x1a, 0x1a, 0x1d, 0x1a, 0x1a, 0x1d, 0x1a, 0x1a, 0x1d, 0x1a, 0x1a, 0x1d,
	0x1a, 0x1a, 0x1d, 0x1a, 0x1a, 0x1d, 0x1a, 0x1a, 0x1d, 0x1a, 0x1a, 0x1d, 0x1a, 0x1a, 0x1d, 0x1a,
	0x1a, 0x1d, 0x1a, 0x1a, 0x1d, 0x1a, 0x1a, 0x1d, 0x1a, 0x1a, 0x1d, 0x1a, 0x1a, 0x1d, 0x1a, 0x1a,
	0x1d, 0x1a, 0x1a, 0x1d, 0x1a, 0x1a, 0x1d, 0x1a, 0x1a, 0x1d, 0x1a, 0x1a, 0x1d, 0x15, 0x15, 0x17,
	0x18, 0x18, 0x1a, 0x1a, 0x1a, 0x1d, 0x1a, 0x1a, 0x1d, 0x1a, 0x1a, 0x1d, 0x1a, 0x1a, 0x1d, 0x1a,
	0x1a, 0x1d, 0x1a, 0x1a, 0x1d, 0x1a, 0x1a, 0x1d, 0x1a, 0x1a, 0x1d, 0x1a, 0x1a, 0x1d, 0x1a, 0x1a,
	0x1d, 0x1a, 0x1a, 0x1d, 0x1a, 0x1a, 0x1d, 0x1a, 0x1a, 0x1d, 0x1a, 0x1a, 0x1d, 0x1a, 0x1a, 0x1d,
	0x1a, 0x1a, 0x1d, 0x1a, 0x1a, 0x1d, 0x1a, 0x1a, 0x1d, 0x1a, 0x1a, 0x1d, 0x1a, 0x1a, 0x1d, 0x1a,
	0x1a, 0x1d, 0x1a, 0x1a, 0x1d, 0x1a, 0x1a, 0x1d, 0x1a, 0x1a, 0x1d, 0x1a, 0x1a, 0x1d, 0x1a, 0x1a,
	0x1d, 0x1a, 0x1a, 0x1c, 0x1a, 0x1a, 0x1d, 0x1a, 0x1a, 0x1d, 0x1a, 0x1a, 0x1d, 0x1a, 0x1a, 0x1c,
	0x1a, 0x1a, 0x1c, 0x1a, 0x1a, 0x1d, 0x1a, 0x1a, 0x1d, 0x1a, 0x1a, 0x1d, 0x1a, 0x1a, 0x1c, 0x1a,
	0x1a, 0x1d, 0x1a, 0x1a, 0x1d, 0x1a, 0x1a, 0x1d, 0x1a, 0x1a, 0x1d, 0x1a, 0x1a, 0x1c, 0x1a, 0x1a,
	0x1d, 0x1a, 0x1a, 0x1d, 0x1a, 0x1a, 0x1d, 0x1a, 0x1a, 0x1d, 0x1a, 0x1a, 0x1c, 0x1a, 0x1a, 0x1d,
	0x1a, 0x1a, 0x1d, 0x1a, 0x1a, 0x1d, 0x1a, 0x1a, 0x1d, 0x1a, 0x1a, 0x1d, 0x1a, 0x1a, 0x1d, 0x1a,
	0x1a, 0x1d, 0x1a, 0x1a, 0x1d, 0x1a, 0x1a, 0x1d, 0x1a, 0x1a, 0x1d, 0x1a, 0x1a, 0x1d, 0x1a, 0x1a,
	0x1c, 0x1a, 0x1a, 0x1d, 0x1a, 0x1a, 0x1d, 0x1a, 0x1a, 0x1d, 0x1a, 0x1a, 0x1d, 0x1a, 0x1a, 0x1d,
	0x1a, 0x1a, 0x1d, 0x1a, 0x1a, 0x1d, 0x1a, 0x1a, 0x1d, 0x1a, 0x1a, 0x1d, 0x1a, 0x1a, 0x1d, 0x1a,
	0x1a, 0x1d, 0x1a, 0x1a, 0x1d, 0x1a, 0x1a, 0x1d, 0x1a, 0x1a, 0x1d, 0x1a, 0x1a, 0x1d, 0x1a, 0x1a,
	0x1d, 0x1a, 0x1a, 0x1d, 0x1a, 0x1a, 0x1d, 0x1a, 0x1a, 0x1d, 0x1a, 0x1a, 0x1d, 0x18, 0x18, 0x1b,
	0x19, 0x19, 0x1b, 0x1a, 0x1a, 0x1c, 0x1a, 0x1a, 0x1c, 0x1a, 0x1a, 0x1c, 0x1a, 0x1a, 0x1c, 0x1a,
	0x1a, 0x1c, 0x1a, 0x1a, 0x1c, 0x1a, 0x1a, 0x1c, 0x1a, 0x1a, 0x1c, 0x1a, 0x1a, 0x1c, 0x1a, 0x1a,
	0x1c, 0x1a, 0x1a, 0x1c, 0x1a, 0x1a, 0x1c, 0x1a, 0x1a, 0x1c, 0x1a, 0x1a, 0x1c, 0x1a, 0x1a, 0x1c,
	0x1a, 0x1a, 0x1c, 0x1a, 0x1a, 0x1c, 0x1a, 0x1a, 0x1c, 0x1a, 0x1a, 0x1c, 0x1a, 0x1a, 0x1c, 0x1a,
	0x1a, 0x1c, 0x1a, 0x1a, 0x1c, 0x1a, 0x1a, 0x1c, 0x1a, 0x1a, 0x1c, 0x1a, 0x1a, 0x1c, 0x1a, 0x1a,
	0x1c, 0x1a, 0x1a, 0x1c, 0x1a, 0x1a, 0x1c, 0x1a, 0x1a, 0x1c, 0x1a, 0x1a, 0x1c, 0x1a, 0x1a, 0x1c,
	0x1a, 0x1a, 0x1c, 0x1a, 0x1a, 0x1c, 0x1a, 0x1a, 0x1c, 0x1a, 0x1a, 0x1c, 0x1a, 0x1a, 0x1c, 0x1a,
	0x1a, 0x1c, 0x1a, 0x1a, 0x1c, 0x1a, 0x1a, 0x1c, 0x1a, 0x1a, 0x1c, 0x1a, 0x1a, 0x1c, 0x1a, 0x1a,
	0x1c, 0x1a, 0x1a, 0x1c, 0x1a, 0x1a, 0x1c, 0x1a, 0x1a, 0x1c, 0x1a, 0x1a, 0x1c, 0x1a, 0x1a, 0x1c,
	0x1a, 0x1a, 0x1c, 0x1a, 0x1a, 0x1c, 0x1a, 0x1a, 0x1c, 0x1a, 0x1a, 0x1c, 0x1a, 0x1a, 0x1c, 0x1a,
	0x1a, 0x1c, 0x1a, 0x1a, 0x1c, 0x1a, 0x1a, 0x1c, 0x1a, 0x1a, 0x1c, 0x1a, 0x1a, 0x1c, 0x1a, 0x1a,
	0x1c, 0x1a, 0x1a, 0x1c, 0x1a, 0x1a, 0x1c, 0x1a, 0x1a, 0x1c, 0x1a, 0x1a, 0x1c, 0x1a, 0x1a, 0x1c,
	0x1a, 0x1a, 0x1c, 0x1a, 0x1a, 0x1c, 0x1a, 0x1a, 0x1c, 0x1a, 0x1a, 0x1c, 0x1a, 0x1a, 0x1c, 0x1a,
	0x1a, 0x1c, 0x1a, 0x1a, 0x1c, 0x1a, 0x1a, 0x1c, 0x1a, 0x1a, 0x1c, 0x1a, 0x1a, 0x1c, 0x1a, 0x1a,
	0x1c, 0x1a, 0x1a, 0x1c, 0x1a, 0x1a, 0x1c, 0x1a, 0x1a, 0x1c, 0x1a, 0x1a, 0x1c, 0x19, 0x19, 0x1b,
	0x19, 0x19, 0x1c, 0x19, 0x19, 0x1c, 0x19, 0x19, 0x1c, 0x19, 0x19, 0x1c, 0x19, 0x19, 0x1c, 0x19,
	0x19, 0x1c, 0x19, 0x19, 0x1c, 0x19, 0x19, 0x1c, 0x19, 0x19, 0x1c, 0x19, 0x19, 0x1c, 0x19, 0x19,
	0x1b, 0x18, 0x18, 0x1a, 0x18, 0x18, 0x1a, 0x18, 0x18, 0x1a, 0x18, 0x18, 0x1a, 0x18, 0x18, 0x1a,
	0x18, 0x18, 0x1a, 0x18, 0x18, 0x1a, 0x18, 0x18, 0x1a, 0x18, 0x18, 0x1a, 0x18, 0x18, 0x1a, 0x18,
	0x18, 0x1a, 0x17, 0x17, 0x1a, 0x18, 0x18, 0x1a, 0x19, 0x19, 0x1c, 0x19, 0x19, 0x1c, 0x19, 0x19,
	0x1c, 0x19, 0x19, 0x1c, 0x19, 0x19, 0x1c, 0x19, 0x19, 0x1c, 0x19, 0x19, 0x1c, 0x19, 0x19, 0x1c,
	0x19, 0x19, 0x1c, 0x18, 0x18, 0x1b, 0x18, 0x18, 0x1a, 0x18, 0x18, 0x1a, 0x18, 0x18, 0x1a, 0x17,
	0x17, 0x1a, 0x18, 0x18, 0x1a, 0x18, 0x18, 0x1a, 0x18, 0x18, 0x1a, 0x18, 0x18, 0x1a, 0x17, 0x17,
	0x1a, 0x18, 0x18, 0x1a, 0x18, 0x18, 0x1a, 0x18, 0x18, 0x1a, 0x18, 0x18, 0x1b, 0x19, 0x19, 0x1c,
	0x1a, 0x1a, 0x1c, 0x19, 0x19, 0x1c, 0x19, 0x19, 0x1c, 0x19, 0x19, 0x1c, 0x19, 0x19, 0x1c, 0x19,
	0x19, 0x1c, 0x1a, 0x1a, 0x1c, 0x19, 0x19, 0x1c, 0x18, 0x18, 0x1a, 0x17, 0x17, 0x1a, 0x18, 0x18,
	0x1a, 0x18, 0x18, 0x1a, 0x18, 0x18, 0x1a, 0x18, 0x18, 0x1a, 0x17, 0x17, 0x1a, 0x18, 0x18, 0x1a,
	0x18, 0x18, 0x1a, 0x17, 0x17, 0x1a, 0x18, 0x18, 0x1a, 0x17, 0x17, 0x1a, 0x18, 0x18, 0x1a, 0x19,
	0x19, 0x1b, 0x19, 0x19, 0x1c, 0x1a, 0x1a, 0x1c, 0x19, 0x19, 0x1c, 0x19, 0x19, 0x1c, 0x19, 0x19,
	0x1c, 0x19, 0x19, 0x1c, 0x1a, 0x1a, 0x1c, 0x19, 0x19, 0x1c, 0x19, 0x19, 0x1c, 0x1a, 0x1a, 0x1c,
	0x19, 0x19, 0x1c, 0x19, 0x19, 0x1c, 0x19, 0x19, 0x1c, 0x19, 0x19, 0x1c, 0x19, 0x19, 0x1c, 0x19,
	0x19, 0x1c, 0x19, 0x19, 0x1c, 0x19, 0x19, 0x1c, 0x19, 0x19, 0x1c, 0x18, 0x18, 0x1b, 0x20, 0x20,
	0x23, 0x2a, 0x2a, 0x2d, 0x2d, 0x2d, 0x30, 0x2d, 0x2d, 0x30, 0x2d, 0x2d, 0x30, 0x2d, 0x2d, 0x30,
	0x2c, 0x2c, 0x30, 0x2d, 0x2d, 0x30, 0x2d, 0x2d, 0x30, 0x2d, 0x2d, 0x30, 0x2d, 0x2d, 0x30, 0x2d,
	0x2d, 0x30, 0x2c, 0x2c, 0x30, 0x27, 0x27, 0x2a, 0x1b, 0x1b, 0x1e, 0x18, 0x18, 0x1b, 0x19, 0x19,
	0x1c, 0x19, 0x19, 0x1c, 0x19, 0x19, 0x1c, 0x19, 0x19, 0x1c, 0x19, 0x19, 0x1c, 0x19, 0x19, 0x1b,
	0x19, 0x19, 0x1c, 0x23, 0x23, 0x26, 0x2c, 0x2c, 0x2f, 0x2d, 0x2d, 0x30, 0x2d, 0x2d, 0x30, 0x2d,
	0x2d, 0x30, 0x2d, 0x2d, 0x30, 0x2c, 0x2c, 0x30, 0x2d, 0x2d, 0x30, 0x2d, 0x2d, 0x30, 0x2c, 0x2c,
	0x30, 0x2d, 0x2d, 0x30, 0x2d, 0x2d, 0x30, 0x2c, 0x2c, 0x2f, 0x24, 0x24, 0x27, 0x19, 0x19, 0x1c,
	0x19, 0x19, 0x1b, 0x19, 0x19, 0x1c, 0x19, 0x19, 0x1c, 0x19, 0x19, 0x1c, 0x19, 0x19, 0x1c, 0x19,
	0x19, 0x1c, 0x18, 0x18, 0x1b, 0x1b, 0x1b, 0x1e, 0x27, 0x27, 0x2a, 0x2c, 0x2c, 0x30, 0x2d, 0x2d,
	0x30, 0x2d, 0x2d, 0x30, 0x2d, 0x2d, 0x30, 0x2d, 0x2d, 0x30, 0x2c, 0x2c, 0x30, 0x2d, 0x2d, 0x30,
	0x2d, 0x2d, 0x30, 0x2d, 0x2d, 0x30, 0x2d, 0x2d, 0x30, 0x2d, 0x2d, 0x30, 0x2a, 0x2a, 0x2e, 0x20,
	0x20, 0x23, 0x18, 0x18, 0x1b, 0x19, 0x19, 0x1c, 0x19, 0x19, 0x1c, 0x19, 0x19, 0x1c, 0x19, 0x19,
	0x1c, 0x19, 0x19, 0x1c, 0x19, 0x19, 0x1c, 0x19, 0x19, 0x1c, 0x19, 0x19, 0x1c, 0x19, 0x19, 0x1c,
	0x19, 0x19, 0x1b, 0x19, 0x19, 0x1b, 0x19, 0x19, 0x1b, 0x19, 0x19, 0x1b, 0x19, 0x19, 0x1b, 0x19,
	0x19, 0x1b, 0x19, 0x19, 0x1b, 0x19, 0x19, 0x1b, 0x18, 0x18, 0x1a, 0x2a, 0x2a, 0x2d, 0x3c, 0x3c,
	0x3f, 0x3c, 0x3c, 0x40, 0x3b, 0x3b, 0x3f, 0x3b, 0x3b, 0x3f, 0x3b, 0x3b, 0x3f, 0x3b, 0x3b, 0x3f,
	0x3b, 0x3b, 0x3f, 0x3b, 0x3b, 0x3f, 0x3b, 0x3b, 0x3f, 0x3b, 0x3b, 0x3f, 0x3b, 0x3b, 0x3f, 0x3b,
	0x3b, 0x3f, 0x3b, 0x3b, 0x3f, 0x3c, 0x3c, 0x40, 0x38, 0x38, 0x3b, 0x20, 0x20, 0x22, 0x18, 0x18,
	0x1a, 0x19, 0x19, 0x1b, 0x19, 0x19, 0x1b, 0x19, 0x19, 0x1b, 0x19, 0x19, 0x1b, 0x1a, 0x1a, 0x1d,
	0x32, 0x32, 0x35, 0x3c, 0x3c, 0x40, 0x3c, 0x3c, 0x40, 0x3b, 0x3b, 0x3f, 0x3b, 0x3b, 0x3f, 0x3b,
	0x3b, 0x3f, 0x3b, 0x3b, 0x3f, 0x3b, 0x3b, 0x3f, 0x3b, 0x3b, 0x3f, 0x3b, 0x3b, 0x3f, 0x3b, 0x3b,
	0x3f, 0x3b, 0x3b, 0x3f, 0x3b, 0x3b, 0x3f, 0x3c, 0x3c, 0x40, 0x3c, 0x3c, 0x40, 0x32, 0x32, 0x35,
	0x1a, 0x1a, 0x1d, 0x19, 0x19, 0x1b, 0x19, 0x19, 0x1b, 0x19, 0x19, 0x1b, 0x19, 0x19, 0x1b, 0x18,
	0x18, 0x1a, 0x20, 0x20, 0x22, 0x38, 0x38, 0x3b, 0x3c, 0x3c, 0x40, 0x3b, 0x3b, 0x3f, 0x3b, 0x3b,
	0x3f, 0x3b, 0x3b, 0x3f, 0x3b, 0x3b, 0x3f, 0x3b, 0x3b, 0x3f, 0x3b, 0x3b, 0x3f, 0x3b, 0x3b, 0x3f,
	0x3b, 0x3b, 0x3f, 0x3b, 0x3b, 0x3f, 0x3b, 0x3b, 0x3f, 0x3b, 0x3b, 0x3f, 0x3c, 0x3c, 0x40, 0x3c,
	0x3c, 0x3f, 0x2a, 0x2a, 0x2d, 0x18, 0x18, 0x1a, 0x19, 0x19, 0x1b, 0x19, 0x19, 0x1b, 0x19, 0x19,
	0x1b, 0x19, 0x19, 0x1b, 0x19, 0x19, 0x1b, 0x19, 0x19, 0x1b, 0x19, 0x19, 0x1b, 0x19, 0x19, 0x1b,
	0x19, 0x19, 0x1b, 0x19, 0x19, 0x1b, 0x19, 0x19, 0x1b, 0x19, 0x19, 0x1b, 0x19, 0x19, 0x1b, 0x19,
	0x19, 0x1b, 0x19, 0x19, 0x1b, 0x18, 0x18, 0x1a, 0x24, 0x24, 0x27, 0x3c, 0x3c, 0x40, 0x38, 0x38,
	0x3c, 0x38, 0x38, 0x3c, 0x38, 0x38, 0x3c, 0x38, 0x38, 0x3c, 0x38, 0x38, 0x3c, 0x38, 0x38, 0x3c,
	0x38, 0x38, 0x3c, 0x38, 0x38, 0x3c, 0x38, 0x38, 0x3c, 0x38, 0x38, 0x3c, 0x38, 0x38, 0x3c, 0x38,
	0x38, 0x3c, 0x38, 0x38, 0x3c, 0x38, 0x38, 0x3c, 0x3a, 0x3a, 0x3e, 0x37, 0x37, 0x3a, 0x1a, 0x1a,
	0x1d, 0x18, 0x18, 0x1b, 0x19, 0x19, 0x1b, 0x19, 0x19, 0x1b, 0x17, 0x17, 0x1a, 0x2e, 0x2e, 0x31,
	0x3b, 0x3b, 0x3f, 0x38, 0x38, 0x3c, 0x38, 0x38, 0x3c, 0x38, 0x38, 0x3c, 0x38, 0x38, 0x3c, 0x38,
	0x38, 0x3c, 0x38, 0x38, 0x3c, 0x38, 0x38, 0x3c, 0x38, 0x38, 0x3c, 0x38, 0x38, 0x3c, 0x38, 0x38,
	0x3c, 0x38, 0x38, 0x3c, 0x38, 0x38, 0x3c, 0x38, 0x38, 0x3c, 0x38, 0x38, 0x3c, 0x3b, 0x3b, 0x3f,
	0x2e, 0x2e, 0x31, 0x17, 0x17, 0x1a, 0x19, 0x19, 0x1b, 0x19, 0x19, 0x1b, 0x18, 0x18, 0x1b, 0x1a,
	0x1a, 0x1d, 0x37, 0x37, 0x3a, 0x3a, 0x3a, 0x3e, 0x38, 0x38, 0x3c, 0x38, 0x38, 0x3c, 0x38, 0x38,
	0x3c, 0x38, 0x38, 0x3c, 0x38, 0x38, 0x3c, 0x38, 0x38, 0x3c, 0x38, 0x38, 0x3c, 0x38, 0x38, 0x3c,
	0x38, 0x38, 0x3c, 0x38, 0x38, 0x3c, 0x38, 0x38, 0x3c, 0x38, 0x38, 0x3c, 0x38, 0x38, 0x3c, 0x38,
	0x38, 0x3c, 0x3c, 0x3c, 0x40, 0x24, 0x24, 0x27, 0x17, 0x17, 0x1a, 0x19, 0x19, 0x1b, 0x19, 0x19,
	0x1b, 0x19, 0x19, 0x1b, 0x19, 0x19, 0x1b, 0x19, 0x19, 0x1b, 0x19, 0x19, 0x1b, 0x19, 0x19, 0x1b,
	0x18, 0x18, 0x1b, 0x18, 0x18, 0x1b, 0x18, 0x18, 0x1b, 0x18, 0x18, 0x1b, 0x18, 0x18, 0x1b, 0x18,
	0x18, 0x1b, 0x18, 0x18, 0x1b, 0x18, 0x18, 0x1a, 0x32, 0x32, 0x35, 0x39, 0x39, 0x3d, 0x37, 0x37,
	0x3b, 0x37, 0x37, 0x3b, 0x37, 0x37, 0x3b, 0x37, 0x37, 0x3b, 0x37, 0x37, 0x3b, 0x37, 0x37, 0x3b,
	0x37, 0x37, 0x3b, 0x37, 0x37, 0x3b, 0x37, 0x37, 0x3b, 0x37, 0x37, 0x3b, 0x37, 0x37, 0x3b, 0x37,
	0x37, 0x3b, 0x37, 0x37, 0x3b, 0x37, 0x37, 0x3b, 0x37, 0x37, 0x3b, 0x3a, 0x3a, 0x3e, 0x24, 0x24,
	0x27, 0x17, 0x17, 0x19, 0x18, 0x18, 0x1b, 0x18, 0x18, 0x1a, 0x1c, 0x1c, 0x1e, 0x38, 0x38, 0x3c,
	0x37, 0x37, 0x3b, 0x37, 0x37, 0x3b, 0x37, 0x37, 0x3b, 0x37, 0x37, 0x3b, 0x37, 0x37, 0x3b, 0x37,
	0x37, 0x3b, 0x37, 0x37, 0x3b, 0x37, 0x37, 0x3b, 0x37, 0x37, 0x3b, 0x37, 0x37, 0x3b, 0x37, 0x37,
	0x3b, 0x37, 0x37, 0x3b, 0x37, 0x37, 0x3b, 0x37, 0x37, 0x3b, 0x37, 0x37, 0x3b, 0x37, 0x37, 0x3b,
	0x39, 0x39, 0x3c, 0x1c, 0x1c, 0x1e, 0x18, 0x18, 0x1a, 0x18, 0x18, 0x1b, 0x17, 0x17, 0x19, 0x24,
	0x24, 0x27, 0x3a, 0x3a, 0x3e, 0x37, 0x37, 0x3b, 0x37, 0x37, 0x3b, 0x37, 0x37, 0x3b, 0x37, 0x37,
	0x3b, 0x37, 0x37, 0x3b, 0x37, 0x37, 0x3b, 0x37, 0x37, 0x3b, 0x37, 0x37, 0x3b, 0x37, 0x37, 0x3b,
	0x37, 0x37, 0x3b, 0x37, 0x37, 0x3b, 0x37, 0x37, 0x3b, 0x37, 0x37, 0x3b, 0x37, 0x37, 0x3b, 0x37,
	0x37, 0x3b, 0x39, 0x39, 0x3c, 0x32, 0x32, 0x35, 0x17, 0x17, 0x1a, 0x18, 0x18, 0x1b, 0x18, 0x18,
	0x1b, 0x18, 0x18, 0x1b, 0x19, 0x19, 0x1b, 0x18, 0x18, 0x1b, 0x18, 0x18, 0x1b, 0x19, 0x19, 0x1b,
	0x18, 0x18, 0x1a, 0x18, 0x18, 0x1b, 0x18, 0x18, 0x1b, 0x18, 0x18, 0x1b, 0x18, 0x18, 0x1b, 0x18,
	0x18, 0x1b, 0x18, 0x18, 0x1b, 0x19, 0x19, 0x1b, 0x35, 0x35, 0x38, 0x37, 0x37, 0x3b, 0x36, 0x36,
	0x3a, 0x36, 0x36, 0x3a, 0x36, 0x36, 0x3a, 0x36, 0x36, 0x3a, 0x36, 0x36, 0x3a, 0x36, 0x36, 0x3a,
	0x36, 0x36, 0x3a, 0x36, 0x36, 0x3a, 0x36, 0x36, 0x3a, 0x36, 0x36, 0x3a, 0x36, 0x36, 0x3a, 0x36,
	0x36, 0x3a, 0x36, 0x36, 0x3a, 0x36, 0x36, 0x3a, 0x36, 0x36, 0x3a, 0x39, 0x39, 0x3d, 0x29, 0x29,
	0x2c, 0x17, 0x17, 0x19, 0x18, 0x18, 0x1b, 0x17, 0x17, 0x1a, 0x1f, 0x1f, 0x22, 0x39, 0x39, 0x3c,
	0x36, 0x36, 0x3a, 0x36, 0x36, 0x3a, 0x36, 0x36, 0x3a, 0x36, 0x36, 0x3a, 0x36, 0x36, 0x3a, 0x36,
	0x36, 0x3a, 0x36, 0x36, 0x3a, 0x36, 0x36, 0x3a, 0x36, 0x36, 0x3a, 0x36, 0x36, 0x3a, 0x36, 0x36,
	0x3a, 0x36, 0x36, 0x3a, 0x36, 0x36, 0x3a, 0x36, 0x36, 0x3a, 0x36, 0x36, 0x3a, 0x36, 0x36, 0x3a,
	0x39, 0x39, 0x3c, 0x1f, 0x1f, 0x22, 0x17, 0x17, 0x1a, 0x18, 0x18, 0x1b, 0x17, 0x17, 0x19, 0x29,
	0x29, 0x2b, 0x39, 0x39, 0x3c, 0x36, 0x36, 0x3a, 0x36, 0x36, 0x3a, 0x36, 0x36, 0x3a, 0x36, 0x36,
	0x3a, 0x36, 0x36, 0x3a, 0x36, 0x36, 0x3a, 0x36, 0x36, 0x3a, 0x36, 0x36, 0x3a, 0x36, 0x36, 0x3a,
	0x36, 0x36, 0x3a, 0x36, 0x36, 0x3a, 0x36, 0x36, 0x3a, 0x36, 0x36, 0x3a, 0x36, 0x36, 0x3a, 0x36,
	0x36, 0x3a, 0x37, 0x37, 0x3b, 0x35, 0x35, 0x38, 0x19, 0x19, 0x1b, 0x18, 0x18, 0x1a, 0x18, 0x18,
	0x1b, 0x18, 0x18, 0x1b, 0x18, 0x18, 0x1b, 0x18, 0x18, 0x1b, 0x18, 0x18, 0x1b, 0x18, 0x18, 0x1b,
	0x18, 0x18, 0x1a, 0x18, 0x18, 0x1a, 0x18, 0x18, 0x1a, 0x18, 0x18, 0x1a, 0x18, 0x18, 0x1a, 0x18,
	0x18, 0x1a, 0x18, 0x18, 0x1a, 0x19, 0x19, 0x1b, 0x34, 0x34, 0x37, 0x36, 0x36, 0x39, 0x35, 0x35,
	0x39, 0x35, 0x35, 0x39, 0x35, 0x35, 0x39, 0x35, 0x35, 0x39, 0x35, 0x35, 0x39, 0x35, 0x35, 0x39,
	0x35, 0x35, 0x39, 0x35, 0x35, 0x39, 0x35, 0x35, 0x39, 0x35, 0x35, 0x39, 0x35, 0x35, 0x39, 0x35,
	0x35, 0x39, 0x35, 0x35, 0x39, 0x35, 0x35, 0x39, 0x35, 0x35, 0x39, 0x38, 0x38, 0x3b, 0x28, 0x28,
	0x2b, 0x16, 0x16, 0x19, 0x18, 0x18, 0x1a, 0x17, 0x17, 0x19, 0x1f, 0x1f, 0x22, 0x38, 0x38, 0x3b,
	0x35, 0x35, 0x39, 0x35, 0x35, 0x39, 0x35, 0x35, 0x39, 0x35, 0x35, 0x39, 0x35, 0x35, 0x39, 0x35,
	0x35, 0x39, 0x35, 0x35, 0x39, 0x35, 0x35, 0x39, 0x35, 0x35, 0x39, 0x35, 0x35, 0x39, 0x35, 0x35,
	0x39, 0x35, 0x35, 0x39, 0x35, 0x35, 0x39, 0x35, 0x35, 0x39, 0x35, 0x35, 0x39, 0x35, 0x35, 0x39,
	0x38, 0x38, 0x3b, 0x1f, 0x1f, 0x22, 0x17, 0x17, 0x19, 0x18, 0x18, 0x1a, 0x16, 0x16, 0x19, 0x28,
	0x28, 0x2b, 0x38, 0x38, 0x3b, 0x35, 0x35, 0x39, 0x35, 0x35, 0x39, 0x35, 0x35, 0x39, 0x35, 0x35,
	0x39, 0x35, 0x35, 0x39, 0x35, 0x35, 0x39, 0x35, 0x35, 0x39, 0x35, 0x35, 0x39, 0x35, 0x35, 0x39,
	0x35, 0x35, 0x39, 0x35, 0x35, 0x39, 0x35, 0x35, 0x39, 0x35, 0x35, 0x39, 0x35, 0x35, 0x39, 0x35,
	0x35, 0x39, 0x36, 0x36, 0x39, 0x34, 0x34, 0x37, 0x19, 0x19, 0x1b, 0x18, 0x18, 0x1a, 0x18, 0x18,
	0x1a, 0x18, 0x18, 0x1a, 0x18, 0x18, 0x1a, 0x18, 0x18, 0x1a, 0x18, 0x18, 0x1a, 0x18, 0x18, 0x1a,
	0x18, 0x18, 0x1a, 0x18, 0x18, 0x1a, 0x18, 0x18, 0x1a, 0x18, 0x18, 0x1a, 0x18, 0x18, 0x1a, 0x18,
	0x18, 0x1a, 0x18, 0x18, 0x1a, 0x18, 0x18, 0x1b, 0x33, 0x33, 0x36, 0x35, 0x35, 0x38, 0x34, 0x34,
	0x38, 0x34, 0x34, 0x38, 0x34, 0x34, 0x38, 0x34, 0x34, 0x38, 0x34, 0x34, 0x38, 0x34, 0x34, 0x38,
	0x34, 0x34, 0x38, 0x34, 0x34, 0x38, 0x34, 0x34, 0x38, 0x34, 0x34, 0x38, 0x34, 0x34, 0x38, 0x34,
	0x34, 0x38, 0x34, 0x34, 0x38, 0x34, 0x34, 0x38, 0x34, 0x34, 0x38, 0x37, 0x37, 0x3b, 0x28, 0x28,
	0x2b, 0x16, 0x16, 0x18, 0x18, 0x18, 0x1a, 0x17, 0x17, 0x19, 0x1f, 0x1f, 0x21, 0x37, 0x37, 0x3a,
	0x34, 0x34, 0x38, 0x34, 0x34, 0x38, 0x34, 0x34, 0x38, 0x34, 0x34, 0x38, 0x34, 0x34, 0x38, 0x34,
	0x34, 0x38, 0x34, 0x34, 0x38, 0x34, 0x34, 0x38, 0x34, 0x34, 0x38, 0x34, 0x34, 0x38, 0x34, 0x34,
	0x38, 0x34, 0x34, 0x38, 0x34, 0x34, 0x38, 0x34, 0x34, 0x38, 0x34, 0x34, 0x38, 0x34, 0x34, 0x38,
	0x37, 0x37, 0x3a, 0x1f, 0x1f, 0x21, 0x17, 0x17, 0x19, 0x18, 0x18, 0x1a, 0x16, 0x16, 0x18, 0x28,
	0x28, 0x2b, 0x37, 0x37, 0x3a, 0x34, 0x34, 0x38, 0x34, 0x34, 0x38, 0x34, 0x34, 0x38, 0x34, 0x34,
	0x38, 0x34, 0x34, 0x38, 0x34, 0x34, 0x38, 0x34, 0x34, 0x38, 0x34, 0x34, 0x38, 0x34, 0x34, 0x38,
	0x34, 0x34, 0x38, 0x34, 0x34, 0x38, 0x34, 0x34, 0x38, 0x34, 0x34, 0x38, 0x34, 0x34, 0x38, 0x34,
	0x34, 0x38, 0x35, 0x35, 0x39, 0x33, 0x33, 0x37, 0x18, 0x18, 0x1b, 0x18, 0x18, 0x1a, 0x18, 0x18,
	0x1a, 0x18, 0x18, 0x1a, 0x18, 0x18, 0x1a, 0x18, 0x18, 0x1a, 0x18, 0x18, 0x1a, 0x18, 0x18, 0x1a,
	0x17, 0x17, 0x1a, 0x17, 0x17, 0x1a, 0x17, 0x17, 0x1a, 0x17, 0x17, 0x1a, 0x17, 0x17, 0x1a, 0x17,
	0x17, 0x1a, 0x17, 0x17, 0x1a, 0x18, 0x18, 0x1a, 0x32, 0x32, 0x36, 0x34, 0x34, 0x37, 0x33, 0x33,
	0x37, 0x33, 0x33, 0x37, 0x33, 0x33, 0x37, 0x33, 0x33, 0x37, 0x33, 0x33, 0x37, 0x33, 0x33, 0x37,
	0x33, 0x33, 0x37, 0x33, 0x33, 0x37, 0x33, 0x33, 0x37, 0x33, 0x33, 0x37, 0x33, 0x33, 0x37, 0x33,
	0x33, 0x37, 0x34, 0x34, 0x37, 0x33, 0x33, 0x37, 0x33, 0x33, 0x37, 0x36, 0x36, 0x39, 0x27, 0x27,
	0x2a, 0x16, 0x16, 0x18, 0x17, 0x17, 0x1a, 0x17, 0x17, 0x19, 0x1e, 0x1e, 0x21, 0x36, 0x36, 0x39,
	0x33, 0x33, 0x37, 0x33, 0x33, 0x37, 0x33, 0x33, 0x37, 0x33, 0x33, 0x37, 0x33, 0x33, 0x37, 0x33,
	0x33, 0x37, 0x33, 0x33, 0x37, 0x33, 0x33, 0x37, 0x33, 0x33, 0x37, 0x33, 0x33, 0x37, 0x33, 0x33,
	0x37, 0x33, 0x33, 0x37, 0x34, 0x34, 0x37, 0x33, 0x33, 0x37, 0x33, 0x33, 0x37, 0x33, 0x33, 0x37,
	0x36, 0x36, 0x39, 0x1e, 0x1e, 0x21, 0x17, 0x17, 0x19, 0x17, 0x17, 0x1a, 0x16, 0x16, 0x18, 0x27,
	0x27, 0x2a, 0x36, 0x36, 0x39, 0x33, 0x33, 0x37, 0x33, 0x33, 0x37, 0x34, 0x34, 0x37, 0x33, 0x33,
	0x37, 0x33, 0x33, 0x37, 0x33, 0x33, 0x37, 0x33, 0x33, 0x37, 0x34, 0x34, 0x37, 0x33, 0x33, 0x37,
	0x33, 0x33, 0x37, 0x33, 0x33, 0x37, 0x33, 0x33, 0x37, 0x34, 0x34, 0x37, 0x33, 0x33, 0x37, 0x33,
	0x33, 0x37, 0x34, 0x34, 0x37, 0x32, 0x32, 0x36, 0x18, 0x18, 0x1a, 0x17, 0x17, 0x1a, 0x17, 0x17,
	0x1a, 0x17, 0x17, 0x1a, 0x17, 0x17, 0x1a, 0x17, 0x17, 0x1a, 0x17, 0x17, 0x1a, 0x18, 0x18, 0x1a,
	0x17, 0x17, 0x19, 0x17, 0x17, 0x19, 0x17, 0x17, 0x1a, 0x17, 0x17, 0x19, 0x17, 0x17, 0x19, 0x17,
	0x17, 0x19, 0x17, 0x17, 0x19, 0x18, 0x18, 0x1a, 0x31, 0x31, 0x35, 0x33, 0x33, 0x36, 0x33, 0x33,
	0x36, 0x33, 0x33, 0x36, 0x33, 0x33, 0x36, 0x33, 0x33, 0x36, 0x33, 0x33, 0x36, 0x33, 0x33, 0x36,
	0x33, 0x33, 0x36, 0x33, 0x33, 0x36, 0x33, 0x33, 0x36, 0x33, 0x33, 0x36, 0x33, 0x33, 0x36, 0x33,
	0x33, 0x36, 0x33, 0x33, 0x36, 0x33, 0x33, 0x36, 0x32, 0x32, 0x36, 0x35, 0x35, 0x38, 0x27, 0x27,
	0x29, 0x16, 0x16, 0x18, 0x17, 0x17, 0x19, 0x16, 0x16, 0x19, 0x1e, 0x1e, 0x20, 0x35, 0x35, 0x38,
	0x32, 0x32, 0x36, 0x32, 0x32, 0x36, 0x33, 0x33, 0x36, 0x33, 0x33, 0x36, 0x33, 0x33, 0x36, 0x33,
	0x33, 0x36, 0x32, 0x32, 0x36, 0x33, 0x33, 0x36, 0x33, 0x33, 0x36, 0x33, 0x33, 0x36, 0x33, 0x33,
	0x36, 0x32, 0x32, 0x36, 0x33, 0x33, 0x36, 0x33, 0x33, 0x36, 0x32, 0x32, 0x36, 0x32, 0x32, 0x36,
	0x35, 0x35, 0x38, 0x1e, 0x1e, 0x20, 0x16, 0x16, 0x19, 0x17, 0x17, 0x1a, 0x16, 0x16, 0x18, 0x27,
	0x27, 0x29, 0x35, 0x35, 0x38, 0x32, 0x32, 0x36, 0x32, 0x32, 0x36, 0x33, 0x33, 0x36, 0x33, 0x33,
	0x36, 0x32, 0x32, 0x36, 0x33, 0x33, 0x36, 0x32, 0x32, 0x36, 0x33, 0x33, 0x36, 0x33, 0x33, 0x36,
	0x32, 0x32, 0x36, 0x33, 0x33, 0x36, 0x32, 0x32, 0x36, 0x33, 0x33, 0x36, 0x33, 0x33, 0x36, 0x33,
	0x33, 0x36, 0x33, 0x33, 0x36, 0x31, 0x31, 0x35, 0x18, 0x18, 0x1a, 0x17, 0x17, 0x19, 0x17, 0x17,
	0x1a, 0x17, 0x17, 0x19, 0x17, 0x17, 0x1a, 0x17, 0x17, 0x19, 0x17, 0x17, 0x19, 0x17, 0x17, 0x1a,
	0x17, 0x17, 0x19, 0x17, 0x17, 0x19, 0x17, 0x17, 0x19, 0x17, 0x17, 0x19, 0x17, 0x17, 0x19, 0x17,
	0x17, 0x19, 0x17, 0x17, 0x19, 0x18, 0x18, 0x1a, 0x31, 0x31, 0x34, 0x32, 0x32, 0x35, 0x32, 0x32,
	0x35, 0x32, 0x32, 0x35, 0x32, 0x32, 0x35, 0x32, 0x32, 0x35, 0x32, 0x32, 0x35, 0x32, 0x32, 0x35,
	0x32, 0x32, 0x35, 0x32, 0x32, 0x35, 0x32, 0x32, 0x35, 0x32, 0x32, 0x35, 0x32, 0x32, 0x35, 0x32,
	0x32, 0x35, 0x32, 0x32, 0x35, 0x32, 0x32, 0x35, 0x32, 0x32, 0x35, 0x34, 0x34, 0x37, 0x26, 0x26,
	0x29, 0x15, 0x15, 0x18, 0x17, 0x17, 0x19, 0x16, 0x16, 0x18, 0x1e, 0x1e, 0x20, 0x34, 0x34, 0x37,
	0x31, 0x31, 0x35, 0x32, 0x32, 0x35, 0x32, 0x32, 0x35, 0x32, 0x32, 0x35, 0x32, 0x32, 0x35, 0x32,
	0x32, 0x35, 0x32, 0x32, 0x35, 0x31, 0x31, 0x35, 0x32, 0x32, 0x35, 0x32, 0x32, 0x35, 0x32, 0x32,
	0x35, 0x32, 0x32, 0x35, 0x32, 0x32, 0x35, 0x32, 0x32, 0x35, 0x32, 0x32, 0x35, 0x31, 0x31, 0x35,
	0x34, 0x34, 0x37, 0x1e, 0x1e, 0x20, 0x16, 0x16, 0x18, 0x17, 0x17, 0x19, 0x15, 0x15, 0x18, 0x26,
	0x26, 0x29, 0x34, 0x34, 0x37, 0x31, 0x31, 0x35, 0x32, 0x32, 0x35, 0x32, 0x32, 0x35, 0x32, 0x32,
	0x35, 0x32, 0x32, 0x35, 0x32, 0x32, 0x35, 0x32, 0x32, 0x35, 0x32, 0x32, 0x35, 0x32, 0x32, 0x35,
	0x32, 0x32, 0x35, 0x32, 0x32, 0x35, 0x32, 0x32, 0x35, 0x32, 0x32, 0x35, 0x32, 0x32, 0x35, 0x32,
	0x32, 0x35, 0x32, 0x32, 0x35, 0x31, 0x31, 0x34, 0x18, 0x18, 0x1a, 0x17, 0x17, 0x19, 0x17, 0x17,
	0x19, 0x17, 0x17, 0x19, 0x17, 0x17, 0x19, 0x17, 0x17, 0x19, 0x17, 0x17, 0x19, 0x17, 0x17, 0x19,
	0x17, 0x17, 0x19, 0x17, 0x17, 0x19, 0x17, 0x17, 0x19, 0x17, 0x17, 0x19, 0x17, 0x17, 0x19, 0x17,
	0x17, 0x19, 0x17, 0x17, 0x19, 0x17, 0x17, 0x1a, 0x30, 0x30, 0x33, 0x31, 0x31, 0x35, 0x31, 0x31,
	0x34, 0x31, 0x31, 0x34, 0x31, 0x31, 0x34, 0x31, 0x31, 0x34, 0x31, 0x31, 0x34, 0x31, 0x31, 0x34,
	0x31, 0x31, 0x34, 0x31, 0x31, 0x34, 0x31, 0x31, 0x34, 0x31, 0x31, 0x34, 0x31, 0x31, 0x34, 0x31,
	0x31, 0x34, 0x31, 0x31, 0x34, 0x31, 0x31, 0x34, 0x31, 0x31, 0x34, 0x33, 0x33, 0x36, 0x26, 0x26,
	0x28, 0x15, 0x15, 0x17, 0x17, 0x17, 0x19, 0x16, 0x16, 0x18, 0x1d, 0x1d, 0x20, 0x33, 0x33, 0x37,
	0x31, 0x31, 0x34, 0x31, 0x31, 0x34, 0x31, 0x31, 0x34, 0x31, 0x31, 0x34, 0x31, 0x31, 0x34, 0x31,
	0x31, 0x34, 0x31, 0x31, 0x34, 0x31, 0x31, 0x34, 0x31, 0x31, 0x34, 0x31, 0x31, 0x34, 0x31, 0x31,
	0x34, 0x31, 0x31, 0x34, 0x31, 0x31, 0x34, 0x31, 0x31, 0x34, 0x31, 0x31, 0x34, 0x31, 0x31, 0x34,
	0x33, 0x33, 0x36, 0x1d, 0x1d, 0x20, 0x16, 0x16, 0x18, 0x17, 0x17, 0x19, 0x15, 0x15, 0x17, 0x25,
	0x25, 0x28, 0x33, 0x33, 0x37, 0x31, 0x31, 0x34, 0x31, 0x31, 0x34, 0x31, 0x31, 0x34, 0x31, 0x31,
	0x34, 0x31, 0x31, 0x34, 0x31, 0x31, 0x34, 0x31, 0x31, 0x34, 0x31, 0x31, 0x34, 0x31, 0x31, 0x34,
	0x31, 0x31, 0x34, 0x31, 0x31, 0x34, 0x31, 0x31, 0x34, 0x31, 0x31, 0x34, 0x31, 0x31, 0x34, 0x31,
	0x31, 0x34, 0x31, 0x31, 0x35, 0x30, 0x30, 0x33, 0x17, 0x17, 0x1a, 0x16, 0x16, 0x19, 0x17, 0x17,
	0x19, 0x17, 0x17, 0x19, 0x17, 0x17, 0x19, 0x17, 0x17, 0x19, 0x17, 0x17, 0x19, 0x17, 0x17, 0x19,
	0x16, 0x16, 0x19, 0x16, 0x16, 0x19, 0x16, 0x16, 0x19, 0x16, 0x16, 0x19, 0x16, 0x16, 0x19, 0x16,
	0x16, 0x19, 0x16, 0x16, 0x19, 0x17, 0x17, 0x19, 0x2f, 0x2f, 0x32, 0x30, 0x30, 0x33, 0x30, 0x30,
	0x33, 0x30, 0x30, 0x33, 0x30, 0x30, 0x33, 0x30, 0x30, 0x33, 0x30, 0x30, 0x33, 0x30, 0x30, 0x33,
	0x30, 0x30, 0x33, 0x30, 0x30, 0x33, 0x30, 0x30, 0x33, 0x30, 0x30, 0x33, 0x30, 0x30, 0x33, 0x30,
	0x30, 0x33, 0x30, 0x30, 0x33, 0x30, 0x30, 0x33, 0x30, 0x30, 0x33, 0x32, 0x32, 0x35, 0x25, 0x25,
	0x28, 0x15, 0x15, 0x17, 0x16, 0x16, 0x19, 0x16, 0x16, 0x18, 0x1d, 0x1d, 0x1f, 0x32, 0x32, 0x36,
	0x30, 0x30, 0x33, 0x30, 0x30, 0x33, 0x30, 0x30, 0x33, 0x30, 0x30, 0x33, 0x30, 0x30, 0x33, 0x30,
	0x30, 0x33, 0x30, 0x30, 0x33, 0x30, 0x30, 0x33, 0x30, 0x30, 0x33, 0x30, 0x30, 0x33, 0x30, 0x30,
	0x33, 0x30, 0x30, 0x33, 0x30, 0x30, 0x33, 0x30, 0x30, 0x33, 0x30, 0x30, 0x33, 0x30, 0x30, 0x33,
	0x32, 0x32, 0x36, 0x1d, 0x1d, 0x1f, 0x16, 0x16, 0x18, 0x16, 0x16, 0x19, 0x15, 0x15, 0x17, 0x25,
	0x25, 0x28, 0x32, 0x32, 0x35, 0x30, 0x30, 0x33, 0x30, 0x30, 0x33, 0x30, 0x30, 0x33, 0x30, 0x30,
	0x33, 0x30, 0x30, 0x33, 0x30, 0x30, 0x33, 0x30, 0x30, 0x33, 0x30, 0x30, 0x33, 0x30, 0x30, 0x33,
	0x30, 0x30, 0x33, 0x30, 0x30, 0x33, 0x30, 0x30, 0x33, 0x30, 0x30, 0x33, 0x30, 0x30, 0x33, 0x30,
	0x30, 0x33, 0x30, 0x30, 0x33, 0x2f, 0x2f, 0x32, 0x17, 0x17, 0x19, 0x16, 0x16, 0x18, 0x16, 0x16,
	0x19, 0x16, 0x16, 0x19, 0x16, 0x16, 0x19, 0x16, 0x16, 0x19, 0x16, 0x16, 0x19, 0x17, 0x17, 0x19,
	0x16, 0x16, 0x18, 0x16, 0x16, 0x18, 0x16, 0x16, 0x18, 0x16, 0x16, 0x18, 0x16, 0x16, 0x18, 0x16,
	0x16, 0x18, 0x16, 0x16, 0x18, 0x17, 0x17, 0x19, 0x2e, 0x2e, 0x31, 0x2f, 0x2f, 0x33, 0x2f, 0x2f,
	0x32, 0x2f, 0x2f, 0x32, 0x2f, 0x2f, 0x32, 0x2f, 0x2f, 0x32, 0x2f, 0x2f, 0x32, 0x2f, 0x2f, 0x32,
	0x2f, 0x2f, 0x32, 0x2f, 0x2f, 0x32, 0x2f, 0x2f, 0x32, 0x2f, 0x2f, 0x32, 0x2f, 0x2f, 0x32, 0x2f,
	0x2f, 0x32, 0x2f, 0x2f, 0x32, 0x2f, 0x2f, 0x32, 0x2f, 0x2f, 0x32, 0x31, 0x31, 0x34, 0x25, 0x25,
	0x27, 0x15, 0x15, 0x17, 0x16, 0x16, 0x18, 0x15, 0x15, 0x18, 0x1c, 0x1c, 0x1f, 0x31, 0x31, 0x35,
	0x2f, 0x2f, 0x32, 0x2f, 0x2f, 0x32, 0x2f, 0x2f, 0x32, 0x2f, 0x2f, 0x32, 0x2f, 0x2f, 0x32, 0x2f,
	0x2f, 0x32, 0x2f, 0x2f, 0x32, 0x2f, 0x2f, 0x32, 0x2f, 0x2f, 0x32, 0x2f, 0x2f, 0x32, 0x2f, 0x2f,
	0x32, 0x2f, 0x2f, 0x32, 0x2f, 0x2f, 0x32, 0x2f, 0x2f, 0x32, 0x2f, 0x2f, 0x32, 0x2f, 0x2f, 0x32,
	0x31, 0x31, 0x35, 0x1c, 0x1c, 0x1f, 0x15, 0x15, 0x18, 0x16, 0x16, 0x18, 0x15, 0x15, 0x17, 0x25,
	0x25, 0x27, 0x31, 0x31, 0x34, 0x2f, 0x2f, 0x32, 0x2f, 0x2f, 0x32, 0x2f, 0x2f, 0x32, 0x2f, 0x2f,
	0x32, 0x2f, 0x2f, 0x32, 0x2f, 0x2f, 0x32, 0x2f, 0x2f, 0x32, 0x2f, 0x2f, 0x32, 0x2f, 0x2f, 0x32,
	0x2f, 0x2f, 0x32, 0x2f, 0x2f, 0x32, 0x2f, 0x2f, 0x32, 0x2f, 0x2f, 0x32, 0x2f, 0x2f, 0x32, 0x2f,
	0x2f, 0x32, 0x2f, 0x2f, 0x33, 0x2e, 0x2e, 0x31, 0x17, 0x17, 0x19, 0x16, 0x16, 0x18, 0x16, 0x16,
	0x18, 0x16, 0x16, 0x18, 0x16, 0x16, 0x18, 0x16, 0x16, 0x18, 0x16, 0x16, 0x18, 0x16, 0x16, 0x18,
	0x16, 0x16, 0x18, 0x16, 0x16, 0x18, 0x16, 0x16, 0x18, 0x16, 0x16, 0x18, 0x16, 0x16, 0x18, 0x16,
	0x16, 0x18, 0x16, 0x16, 0x18, 0x17, 0x17, 0x19, 0x2e, 0x2e, 0x31, 0x2e, 0x2e, 0x32, 0x2e, 0x2e,
	0x31, 0x2e, 0x2e, 0x31, 0x2e, 0x2e, 0x31, 0x2e, 0x2e, 0x31, 0x2e, 0x2e, 0x31, 0x2e, 0x2e, 0x31,
	0x2e, 0x2e, 0x31, 0x2e, 0x2e, 0x31, 0x2e, 0x2e, 0x31, 0x2e, 0x2e, 0x31, 0x2e, 0x2e, 0x31, 0x2e,
	0x2e, 0x31, 0x2e, 0x2e, 0x31, 0x2e, 0x2e, 0x31, 0x2e, 0x2e, 0x31, 0x30, 0x30, 0x33, 0x24, 0x24,
	0x27, 0x15, 0x15, 0x17, 0x16, 0x16, 0x18, 0x15, 0x15, 0x17, 0x1c, 0x1c, 0x1e, 0x30, 0x30, 0x34,
	0x2e, 0x2e, 0x31, 0x2e, 0x2e, 0x31, 0x2e, 0x2e, 0x31, 0x2e, 0x2e, 0x31, 0x2e, 0x2e, 0x31, 0x2e,
	0x2e, 0x31, 0x2e, 0x2e, 0x31, 0x2e, 0x2e, 0x31, 0x2e, 0x2e, 0x31, 0x2e, 0x2e, 0x31, 0x2e, 0x2e,
	0x31, 0x2e, 0x2e, 0x31, 0x2e, 0x2e, 0x31, 0x2e, 0x2e, 0x31, 0x2e, 0x2e, 0x31, 0x2e, 0x2e, 0x31,
	0x30, 0x30, 0x34, 0x1c, 0x1c, 0x1e, 0x15, 0x15, 0x17, 0x16, 0x16, 0x18, 0x15, 0x15, 0x17, 0x24,
	0x24, 0x27, 0x30, 0x30, 0x33, 0x2e, 0x2e, 0x31, 0x2e, 0x2e, 0x31, 0x2e, 0x2e, 0x31, 0x2e, 0x2e,
	0x31, 0x2e, 0x2e, 0x31, 0x2e, 0x2e, 0x31, 0x2e, 0x2e, 0x31, 0x2e, 0x2e, 0x31, 0x2e, 0x2e, 0x31,
	0x2e, 0x2e, 0x31, 0x2e, 0x2e, 0x31, 0x2e, 0x2e, 0x31, 0x2e, 0x2e, 0x31, 0x2e, 0x2e, 0x31, 0x2e,
	0x2e, 0x31, 0x2e, 0x2e, 0x32, 0x2e, 0x2e, 0x31, 0x17, 0x17, 0x19, 0x16, 0x16, 0x18, 0x16, 0x16,
	0x18, 0x16, 0x16, 0x18, 0x16, 0x16, 0x18, 0x16, 0x16, 0x18, 0x16, 0x16, 0x18, 0x16, 0x16, 0x18,
	0x16, 0x16, 0x18, 0x16, 0x16, 0x18, 0x16, 0x16, 0x18, 0x16, 0x16, 0x18, 0x16, 0x16, 0x18, 0x16,
	0x16, 0x18, 0x16, 0x16, 0x18, 0x16, 0x16, 0x18, 0x2d, 0x2d, 0x30, 0x2d, 0x2d, 0x30, 0x2d, 0x2d,
	0x30, 0x2d, 0x2d, 0x30, 0x2d, 0x2d, 0x30, 0x2d, 0x2d, 0x30, 0x2d, 0x2d, 0x30, 0x2d, 0x2d, 0x30,
	0x2d, 0x2d, 0x30, 0x2d, 0x2d, 0x30, 0x2d, 0x2d, 0x30, 0x2d, 0x2d, 0x30, 0x2d, 0x2d, 0x30, 0x2d,
	0x2d, 0x30, 0x2d, 0x2d, 0x30, 0x2d, 0x2d, 0x30, 0x2d, 0x2d, 0x30, 0x2f, 0x2f, 0x32, 0x24, 0x24,
	0x26, 0x14, 0x14, 0x16, 0x16, 0x16, 0x18, 0x15, 0x15, 0x17, 0x1c, 0x1c, 0x1e, 0x2f, 0x2f, 0x33,
	0x2d, 0x2d, 0x30, 0x2d, 0x2d, 0x30, 0x2d, 0x2d, 0x30, 0x2d, 0x2d, 0x30, 0x2d, 0x2d, 0x30, 0x2d,
	0x2d, 0x30, 0x2d, 0x2d, 0x30, 0x2d, 0x2d, 0x30, 0x2d, 0x2d, 0x30, 0x2d, 0x2d, 0x30, 0x2d, 0x2d,
	0x30, 0x2d, 0x2d, 0x30, 0x2d, 0x2d, 0x30, 0x2d, 0x2d, 0x30, 0x2d, 0x2d, 0x30, 0x2d, 0x2d, 0x30,
	0x2f, 0x2f, 0x33, 0x1c, 0x1c, 0x1e, 0x15, 0x15, 0x17, 0x16, 0x16, 0x18, 0x14, 0x14, 0x16, 0x24,
	0x24, 0x26, 0x2f, 0x2f, 0x32, 0x2d, 0x2d, 0x30, 0x2d, 0x2d, 0x30, 0x2d, 0x2d, 0x30, 0x2d, 0x2d,
	0x30, 0x2d, 0x2d, 0x30, 0x2d, 0x2d, 0x30, 0x2d, 0x2d, 0x30, 0x2d, 0x2d, 0x30, 0x2d, 0x2d, 0x30,
	0x2d, 0x2d, 0x30, 0x2d, 0x2d, 0x30, 0x2d, 0x2d, 0x30, 0x2d, 0x2d, 0x30, 0x2d, 0x2d, 0x30, 0x2d,
	0x2d, 0x30, 0x2d, 0x2d, 0x30, 0x2d, 0x2d, 0x30, 0x16, 0x16, 0x19, 0x16, 0x16, 0x18, 0x16, 0x16,
	0x18, 0x16, 0x16, 0x18, 0x16, 0x16, 0x18, 0x16, 0x16, 0x18, 0x16, 0x16, 0x18, 0x16, 0x16, 0x18,
	0x15, 0x15, 0x17, 0x15, 0x15, 0x18, 0x15, 0x15, 0x18, 0x15, 0x15, 0x17, 0x15, 0x15, 0x18, 0x15,
	0x15, 0x17, 0x15, 0x15, 0x18, 0x15, 0x15, 0x17, 0x2b, 0x2b, 0x2e, 0x2d, 0x2d, 0x30, 0x2c, 0x2c,
	0x2f, 0x2c, 0x2c, 0x2f, 0x2c, 0x2c, 0x2f, 0x2c, 0x2c, 0x2f, 0x2c, 0x2c, 0x2f, 0x2c, 0x2c, 0x2f,
	0x2c, 0x2c, 0x2f, 0x2c, 0x2c, 0x2f, 0x2c, 0x2c, 0x2f, 0x2c, 0x2c, 0x2f, 0x2c, 0x2c, 0x2f, 0x2c,
	0x2c, 0x2f, 0x2c, 0x2c, 0x2f, 0x2c, 0x2c, 0x2f, 0x2c, 0x2c, 0x2f, 0x2f, 0x2f, 0x32, 0x21, 0x21,
	0x24, 0x14, 0x14, 0x16, 0x15, 0x15, 0x17, 0x15, 0x15, 0x17, 0x1a, 0x1a, 0x1c, 0x2f, 0x2f, 0x32,
	0x2c, 0x2c, 0x2f, 0x2c, 0x2c, 0x2f, 0x2c, 0x2c, 0x2f, 0x2c, 0x2c, 0x2f, 0x2c, 0x2c, 0x2f, 0x2c,
	0x2c, 0x2f, 0x2c, 0x2c, 0x2f, 0x2c, 0x2c, 0x2f, 0x2c, 0x2c, 0x2f, 0x2c, 0x2c, 0x2f, 0x2c, 0x2c,
	0x2f, 0x2c, 0x2c, 0x2f, 0x2c, 0x2c, 0x2f, 0x2c, 0x2c, 0x2f, 0x2c, 0x2c, 0x2f, 0x2c, 0x2c, 0x2f,
	0x2e, 0x2f, 0x31, 0x1a, 0x1a, 0x1c, 0x15, 0x15, 0x17, 0x15, 0x15, 0x18, 0x14, 0x14, 0x16, 0x21,
	0x21, 0x23, 0x2f, 0x2f, 0x32, 0x2c, 0x2c, 0x2f, 0x2c, 0x2c, 0x2f, 0x2c, 0x2c, 0x2f, 0x2c, 0x2c,
	0x2f, 0x2c, 0x2c, 0x2f, 0x2c, 0x2c, 0x2f, 0x2c, 0x2c, 0x2f, 0x2c, 0x2c, 0x2f, 0x2c, 0x2c, 0x2f,
	0x2c, 0x2c, 0x2f, 0x2c, 0x2c, 0x2f, 0x2c, 0x2c, 0x2f, 0x2c, 0x2c, 0x2f, 0x2c, 0x2c, 0x2f, 0x2c,
	0x2c, 0x2f, 0x2d, 0x2d, 0x30, 0x2b, 0x2b, 0x2e, 0x15, 0x15, 0x17, 0x15, 0x15, 0x17, 0x15, 0x15,
	0x18, 0x15, 0x15, 0x18, 0x15, 0x15, 0x18, 0x15, 0x15, 0x17, 0x15, 0x15, 0x18, 0x16, 0x16, 0x18,
	0x15, 0x15, 0x17, 0x15, 0x15, 0x17, 0x15, 0x15, 0x17, 0x15, 0x15, 0x17, 0x15, 0x15, 0x17, 0x15,
	0x15, 0x17, 0x15, 0x15, 0x17, 0x14, 0x14, 0x16, 0x23, 0x23, 0x25, 0x2e, 0x2e, 0x31, 0x2b, 0x2b,
	0x2e, 0x2b, 0x2b, 0x2e, 0x2b, 0x2b, 0x2e, 0x2b, 0x2b, 0x2e, 0x2b, 0x2b, 0x2e, 0x2b, 0x2b, 0x2e,
	0x2b, 0x2b, 0x2e, 0x2b, 0x2b, 0x2e, 0x2b, 0x2b, 0x2e, 0x2b, 0x2b, 0x2e, 0x2b, 0x2b, 0x2e, 0x2b,
	0x2b, 0x2e, 0x2b, 0x2b, 0x2e, 0x2b, 0x2b, 0x2e, 0x2b, 0x2b, 0x2e, 0x2e, 0x2e, 0x31, 0x19, 0x19,
	0x1b, 0x15, 0x15, 0x17, 0x15, 0x15, 0x17, 0x15, 0x15, 0x17, 0x15, 0x15, 0x17, 0x2a, 0x2a, 0x2c,
	0x2d, 0x2c, 0x30, 0x2b, 0x2b, 0x2e, 0x2c, 0x2b, 0x2e, 0x2c, 0x2b, 0x2e, 0x2c, 0x2b, 0x2e, 0x2c,
	0x2b, 0x2e, 0x2c, 0x2b, 0x2e, 0x2c, 0x2b, 0x2e, 0x2c, 0x2b, 0x2e, 0x2c, 0x2c, 0x2e, 0x2c, 0x2b,
	0x2e, 0x2c, 0x2b, 0x2e, 0x2c, 0x2b, 0x2e, 0x2c, 0x2b, 0x2e, 0x2b, 0x2b, 0x2e, 0x2d, 0x2d, 0x30,
	0x2a, 0x2a, 0x2c, 0x15, 0x15, 0x17, 0x15, 0x15, 0x17, 0x15, 0x15, 0x17, 0x15, 0x15, 0x17, 0x19,
	0x19, 0x1b, 0x2e, 0x2e, 0x31, 0x2b, 0x2b, 0x2e, 0x2b, 0x2b, 0x2e, 0x2b, 0x2b, 0x2e, 0x2b, 0x2b,
	0x2e, 0x2b, 0x2b, 0x2e, 0x2b, 0x2b, 0x2e, 0x2b, 0x2b, 0x2e, 0x2b, 0x2b, 0x2e, 0x2b, 0x2b, 0x2e,
	0x2b, 0x2b, 0x2e, 0x2b, 0x2b, 0x2e, 0x2b, 0x2b, 0x2e, 0x2b, 0x2b, 0x2e, 0x2b, 0x2b, 0x2e, 0x2b,
	0x2b, 0x2e, 0x2e, 0x2e, 0x31, 0x23, 0x23, 0x25, 0x14, 0x14, 0x16, 0x15, 0x15, 0x17, 0x15, 0x15,
	0x17, 0x15, 0x15, 0x17, 0x15, 0x15, 0x17, 0x15, 0x15, 0x17, 0x15, 0x15, 0x17, 0x15, 0x15, 0x17,
	0x15, 0x15, 0x17, 0x15, 0x15, 0x17, 0x15, 0x15, 0x17, 0x15, 0x15, 0x17, 0x15, 0x15, 0x17, 0x15,
	0x15, 0x17, 0x15, 0x15, 0x17, 0x15, 0x15, 0x17, 0x16, 0x16, 0x18, 0x28, 0x28, 0x2b, 0x2d, 0x2d,
	0x30, 0x2b, 0x2b, 0x2e, 0x2b, 0x2b, 0x2e, 0x2b, 0x2b, 0x2e, 0x2b, 0x2b, 0x2e, 0x2b, 0x2b, 0x2e,
	0x2a, 0x2a, 0x2e, 0x2b, 0x2b, 0x2e, 0x2b, 0x2b, 0x2e, 0x2b, 0x2b, 0x2e, 0x2b, 0x2b, 0x2e, 0x2a,
	0x2a, 0x2e, 0x2b, 0x2b, 0x2e, 0x2c, 0x2c, 0x2f, 0x2e, 0x2e, 0x31, 0x20, 0x20, 0x22, 0x14, 0x14,
	0x16, 0x15, 0x15, 0x17, 0x16, 0x15, 0x17, 0x16, 0x15, 0x17, 0x15, 0x15, 0x16, 0x1b, 0x1b, 0x1c,
	0x2e, 0x2e, 0x2f, 0x2e, 0x2d, 0x2f, 0x2d, 0x2c, 0x2d, 0x2d, 0x2c, 0x2d, 0x2e, 0x2c, 0x2d, 0x2e,
	0x2c, 0x2d, 0x2e, 0x2c, 0x2d, 0x2e, 0x2c, 0x2d, 0x2e, 0x2c, 0x2d, 0x2e, 0x2c, 0x2d, 0x2e, 0x2c,
	0x2d, 0x2e, 0x2c, 0x2d, 0x2d, 0x2c, 0x2d, 0x2d, 0x2c, 0x2d, 0x2e, 0x2d, 0x2f, 0x2e, 0x2e, 0x2f,
	0x1b, 0x1a, 0x1c, 0x15, 0x15, 0x16, 0x16, 0x15, 0x17, 0x15, 0x15, 0x17, 0x15, 0x15, 0x17, 0x14,
	0x14, 0x16, 0x20, 0x20, 0x22, 0x2e, 0x2e, 0x31, 0x2c, 0x2c, 0x2f, 0x2a, 0x2a, 0x2e, 0x2b, 0x2b,
	0x2e, 0x2b, 0x2b, 0x2e, 0x2b, 0x2b, 0x2e, 0x2a, 0x2a, 0x2d, 0x2b, 0x2b, 0x2e, 0x2b, 0x2b, 0x2e,
	0x2b, 0x2b, 0x2e, 0x2b, 0x2b, 0x2e, 0x2a, 0x2a, 0x2d, 0x2a, 0x2a, 0x2e, 0x2b, 0x2b, 0x2e, 0x2d,
	0x2d, 0x30, 0x28, 0x28, 0x2b, 0x16, 0x16, 0x18, 0x15, 0x15, 0x17, 0x15, 0x15, 0x17, 0x15, 0x15,
	0x17, 0x15, 0x15, 0x17, 0x15, 0x15, 0x17, 0x15, 0x15, 0x17, 0x15, 0x15, 0x17, 0x15, 0x15, 0x17,
	0x15, 0x15, 0x17, 0x15, 0x15, 0x17, 0x15, 0x15, 0x17, 0x15, 0x15, 0x17, 0x15, 0x15, 0x17, 0x15,
	0x15, 0x17, 0x15, 0x15, 0x17, 0x15, 0x15, 0x17, 0x14, 0x14, 0x16, 0x15, 0x15, 0x17, 0x21, 0x21,
	0x23, 0x28, 0x28, 0x2b, 0x29, 0x29, 0x2c, 0x29, 0x29, 0x2c, 0x29, 0x29, 0x2c, 0x29, 0x29, 0x2c,
	0x29, 0x29, 0x2c, 0x29, 0x29, 0x2c, 0x29, 0x29, 0x2c, 0x29, 0x29, 0x2c, 0x29, 0x29, 0x2c, 0x29,
	0x29, 0x2c, 0x29, 0x29, 0x2c, 0x26, 0x26, 0x29, 0x1c, 0x1c, 0x1e, 0x14, 0x14, 0x16, 0x15, 0x15,
	0x17, 0x16, 0x15, 0x17, 0x16, 0x15, 0x17, 0x16, 0x16, 0x17, 0x18, 0x16, 0x17, 0x18, 0x16, 0x16,
	0x1d, 0x1b, 0x1a, 0x29, 0x27, 0x25, 0x2f, 0x2c, 0x2a, 0x30, 0x2d, 0x2b, 0x31, 0x2d, 0x2b, 0x31,
	0x2d, 0x2b, 0x31, 0x2e, 0x2a, 0x32, 0x2e, 0x2a, 0x32, 0x2e, 0x2a, 0x31, 0x2e, 0x2a, 0x31, 0x2d,
	0x2b, 0x31, 0x2d, 0x2a, 0x30, 0x2d, 0x2b, 0x2f, 0x2c, 0x2a, 0x29, 0x27, 0x25, 0x1d, 0x1b, 0x1a,
	0x18, 0x16, 0x16, 0x17, 0x16, 0x17, 0x16, 0x16, 0x17, 0x16, 0x15, 0x17, 0x16, 0x15, 0x17, 0x15,
	0x15, 0x17, 0x14, 0x14, 0x16, 0x1c, 0x1c, 0x1e, 0x26, 0x26, 0x29, 0x29, 0x29, 0x2c, 0x29, 0x29,
	0x2c, 0x29, 0x29, 0x2c, 0x29, 0x29, 0x2c, 0x29, 0x29, 0x2c, 0x29, 0x29, 0x2c, 0x29, 0x29, 0x2c,
	0x29, 0x29, 0x2c, 0x29, 0x29, 0x2c, 0x29, 0x29, 0x2c, 0x29, 0x29, 0x2c, 0x28, 0x28, 0x2b, 0x21,
	0x21, 0x23, 0x15, 0x15, 0x17, 0x14, 0x14, 0x16, 0x15, 0x15, 0x17, 0x15, 0x15, 0x17, 0x15, 0x15,
	0x17, 0x15, 0x15, 0x17, 0x15, 0x15, 0x17, 0x15, 0x15, 0x17, 0x15, 0x15, 0x17, 0x15, 0x15, 0x17,
	0x14, 0x14, 0x16, 0x14, 0x14, 0x16, 0x14, 0x14, 0x16, 0x14, 0x14, 0x16, 0x14, 0x14, 0x16, 0x14,
	0x14, 0x16, 0x14, 0x14, 0x16, 0x14, 0x14, 0x16, 0x14, 0x14, 0x16, 0x14, 0x14, 0x16, 0x13, 0x13,
	0x15, 0x14, 0x14, 0x16, 0x15, 0x15, 0x17, 0x14, 0x14, 0x16, 0x14, 0x14, 0x16, 0x14, 0x14, 0x16,
	0x14, 0x14, 0x16, 0x14, 0x14, 0x16, 0x14, 0x14, 0x16, 0x14, 0x14, 0x17, 0x14, 0x14, 0x16, 0x14,
	0x14, 0x16, 0x14, 0x14, 0x16, 0x13, 0x13, 0x15, 0x14, 0x14, 0x16, 0x15, 0x14, 0x16, 0x15, 0x15,
	0x16, 0x16, 0x15, 0x16, 0x17, 0x16, 0x16, 0x18, 0x17, 0x16, 0x1a, 0x18, 0x16, 0x1b, 0x18, 0x16,
	0x1d, 0x19, 0x15, 0x1e, 0x1a, 0x15, 0x21, 0x1c, 0x16, 0x23, 0x1d, 0x16, 0x24, 0x1e, 0x16, 0x25,
	0x1e, 0x16, 0x25, 0x1e, 0x16, 0x26, 0x1f, 0x16, 0x25, 0x1e, 0x16, 0x25, 0x1e, 0x16, 0x25, 0x1e,
	0x16, 0x24, 0x1e, 0x16, 0x23, 0x1d, 0x16, 0x21, 0x1c, 0x16, 0x1e, 0x1a, 0x15, 0x1d, 0x19, 0x15,
	0x1b, 0x18, 0x15, 0x1a, 0x18, 0x16, 0x18, 0x17, 0x16, 0x17, 0x16, 0x16, 0x16, 0x15, 0x16, 0x15,
	0x15, 0x16, 0x15, 0x14, 0x16, 0x13, 0x13, 0x15, 0x13, 0x13, 0x15, 0x14, 0x14, 0x16, 0x14, 0x14,
	0x16, 0x14, 0x14, 0x16, 0x14, 0x14, 0x16, 0x14, 0x14, 0x17, 0x14, 0x14, 0x16, 0x15, 0x15, 0x16,
	0x14, 0x14, 0x16, 0x14, 0x14, 0x16, 0x15, 0x15, 0x17, 0x14, 0x14, 0x16, 0x14, 0x14, 0x16, 0x13,
	0x13, 0x15, 0x14, 0x14, 0x16, 0x14, 0x14, 0x17, 0x14, 0x14, 0x16, 0x14, 0x14, 0x16, 0x14, 0x14,
	0x16, 0x14, 0x14, 0x16, 0x14, 0x14, 0x17, 0x14, 0x14, 0x16, 0x14, 0x14, 0x16, 0x15, 0x15, 0x17,
	0x14, 0x14, 0x16, 0x14, 0x14, 0x16, 0x14, 0x14, 0x16, 0x14, 0x14, 0x16, 0x14, 0x14, 0x16, 0x14,
	0x14, 0x16, 0x14, 0x14, 0x16, 0x14, 0x14, 0x16, 0x14, 0x14, 0x16, 0x14, 0x14, 0x16, 0x14, 0x14,
	0x16, 0x14, 0x14, 0x16, 0x14, 0x14, 0x16, 0x14, 0x14, 0x16, 0x14, 0x14, 0x16, 0x14, 0x14, 0x16,
	0x14, 0x14, 0x16, 0x14, 0x14, 0x16, 0x14, 0x14, 0x16, 0x14, 0x14, 0x16, 0x14, 0x14, 0x16, 0x14,
	0x14, 0x16, 0x14, 0x14, 0x16, 0x14, 0x14, 0x16, 0x14, 0x14, 0x16, 0x15, 0x14, 0x16, 0x15, 0x15,
	0x16, 0x17, 0x16, 0x16, 0x18, 0x17, 0x16, 0x1a, 0x18, 0x15, 0x1d, 0x19, 0x15, 0x20, 0x1b, 0x16,
	0x24, 0x1d, 0x16, 0x27, 0x1f, 0x15, 0x29, 0x21, 0x15, 0x2c, 0x22, 0x15, 0x2e, 0x23, 0x14, 0x2f,
	0x24, 0x14, 0x30, 0x24, 0x14, 0x30, 0x24, 0x14, 0x30, 0x24, 0x14, 0x30, 0x24, 0x14, 0x2f, 0x24,
	0x14, 0x2e, 0x23, 0x15, 0x2c, 0x22, 0x15, 0x29, 0x21, 0x15, 0x27, 0x1f, 0x15, 0x24, 0x1d, 0x16,
	0x20, 0x1b, 0x16, 0x1d, 0x19, 0x15, 0x1a, 0x18, 0x15, 0x18, 0x17, 0x16, 0x17, 0x16, 0x16, 0x15,
	0x15, 0x16, 0x15, 0x14, 0x16, 0x14, 0x14, 0x16, 0x14, 0x14, 0x16, 0x14, 0x14, 0x16, 0x14, 0x14,
	0x16, 0x14, 0x14, 0x16, 0x14, 0x14, 0x16, 0x14, 0x14, 0x16, 0x14, 0x14, 0x16, 0x14, 0x14, 0x16,
	0x14, 0x14, 0x16, 0x14, 0x14, 0x16, 0x14, 0x14, 0x16, 0x14, 0x14, 0x16, 0x14, 0x14, 0x16, 0x14,
	0x14, 0x16, 0x14, 0x14, 0x16, 0x14, 0x14, 0x16, 0x14, 0x14, 0x16, 0x14, 0x14, 0x16, 0x14, 0x14,
	0x16, 0x14, 0x14, 0x16, 0x14, 0x14, 0x16, 0x14, 0x14, 0x16, 0x14, 0x14, 0x16, 0x14, 0x14, 0x16,
	0x14, 0x14, 0x16, 0x14, 0x14, 0x16, 0x14, 0x14, 0x16, 0x14, 0x14, 0x16, 0x14, 0x14, 0x16, 0x14,
	0x14, 0x16, 0x14, 0x14, 0x16, 0x14, 0x14, 0x16, 0x14, 0x14, 0x16, 0x14, 0x14, 0x16, 0x14, 0x14,
	0x16, 0x14, 0x14, 0x16, 0x14, 0x14, 0x16, 0x14, 0x14, 0x16, 0x14, 0x14, 0x16, 0x14, 0x14, 0x16,
	0x14, 0x14, 0x16, 0x14, 0x14, 0x16, 0x14, 0x14, 0x16, 0x14, 0x14, 0x16, 0x14, 0x14, 0x16, 0x14,
	0x14, 0x16, 0x14, 0x14, 0x16, 0x14, 0x14, 0x16, 0x14, 0x14, 0x16, 0x15, 0x14, 0x16, 0x16, 0x15,
	0x16, 0x18, 0x16, 0x16, 0x1a, 0x17, 0x15, 0x1e, 0x1a, 0x15, 0x22, 0x1c, 0x16, 0x27, 0x1f, 0x15,
	0x2c, 0x22, 0x15, 0x30, 0x25, 0x14, 0x34, 0x27, 0x14, 0x37, 0x29, 0x14, 0x3a, 0x2a, 0x14, 0x3c,
	0x2b, 0x14, 0x3d, 0x2c, 0x14, 0x3d, 0x2c, 0x14, 0x3d, 0x2c, 0x14, 0x3d, 0x2c, 0x14, 0x3c, 0x2b,
	0x14, 0x3a, 0x2a, 0x14, 0x37, 0x28, 0x14, 0x34, 0x27, 0x14, 0x30, 0x24, 0x14, 0x2c, 0x22, 0x15,
	0x27, 0x1f, 0x15, 0x22, 0x1c, 0x16, 0x1e, 0x1a, 0x15, 0x1a, 0x17, 0x15, 0x18, 0x16, 0x16, 0x16,
	0x15, 0x16, 0x15, 0x14, 0x16, 0x14, 0x14, 0x16, 0x14, 0x14, 0x16, 0x14, 0x14, 0x16, 0x14, 0x14,
	0x16, 0x14, 0x14, 0x16, 0x14, 0x14, 0x16, 0x14, 0x14, 0x16, 0x14, 0x14, 0x16, 0x14, 0x14, 0x16,
	0x14, 0x14, 0x16, 0x14, 0x14, 0x16, 0x14, 0x14, 0x16, 0x14, 0x14, 0x16, 0x14, 0x14, 0x16, 0x14,
	0x14, 0x16, 0x14, 0x14, 0x16, 0x14, 0x14, 0x16, 0x14, 0x14, 0x16, 0x14, 0x14, 0x16, 0x14, 0x14,
	0x16, 0x14, 0x14, 0x16, 0x14, 0x14, 0x16, 0x14, 0x14, 0x16, 0x14, 0x14, 0x16, 0x14, 0x14, 0x16,
	0x14, 0x14, 0x16, 0x14, 0x14, 0x16, 0x14, 0x14, 0x16, 0x14, 0x14, 0x16, 0x14, 0x14, 0x16, 0x14,
	0x14, 0x16, 0x14, 0x14, 0x16, 0x14, 0x14, 0x16, 0x14, 0x14, 0x16, 0x14, 0x14, 0x16, 0x12, 0x12,
	0x14, 0x13, 0x13, 0x15, 0x14, 0x14, 0x15, 0x14, 0x14, 0x16, 0x14, 0x14, 0x16, 0x14, 0x14, 0x15,
	0x14, 0x14, 0x15, 0x13, 0x13, 0x15, 0x14, 0x14, 0x16, 0x14, 0x14, 0x16, 0x14, 0x14, 0x15, 0x14,
	0x14, 0x16, 0x13, 0x13, 0x15, 0x12, 0x12, 0x14, 0x13, 0x13, 0x15, 0x15, 0x14, 0x16, 0x17, 0x16,
	0x16, 0x19, 0x17, 0x15, 0x1d, 0x19, 0x15, 0x22, 0x1c, 0x15, 0x28, 0x20, 0x15, 0x2f, 0x24, 0x14,
	0x33, 0x25, 0x13, 0x34, 0x25, 0x11, 0x3e, 0x2c, 0x13, 0x43, 0x30, 0x14, 0x46, 0x32, 0x14, 0x49,
	0x33, 0x14, 0x4a, 0x34, 0x14, 0x4b, 0x34, 0x14, 0x4b, 0x34, 0x14, 0x4a, 0x34, 0x14, 0x49, 0x33,
	0x14, 0x46, 0x32, 0x14, 0x43, 0x30, 0x14, 0x3e, 0x2c, 0x14, 0x34, 0x25, 0x11, 0x33, 0x25, 0x13,
	0x2f, 0x24, 0x14, 0x28, 0x20, 0x15, 0x22, 0x1c, 0x15, 0x1d, 0x19, 0x15, 0x19, 0x17, 0x15, 0x17,
	0x16, 0x16, 0x15, 0x14, 0x16, 0x13, 0x13, 0x14, 0x12, 0x12, 0x14, 0x13, 0x13, 0x15, 0x13, 0x13,
	0x15, 0x14, 0x14, 0x16, 0x13, 0x13, 0x15, 0x13, 0x13, 0x15, 0x13, 0x13, 0x15, 0x14, 0x14, 0x15,
	0x14, 0x14, 0x15, 0x13, 0x13, 0x15, 0x13, 0x13, 0x15, 0x13, 0x13, 0x15, 0x13, 0x13, 0x15, 0x12,
	0x12, 0x14, 0x13, 0x13, 0x15, 0x14, 0x14, 0x16, 0x14, 0x14, 0x16, 0x14, 0x14, 0x16, 0x14, 0x14,
	0x16, 0x14, 0x14, 0x16, 0x14, 0x14, 0x16, 0x14, 0x14, 0x16, 0x14, 0x14, 0x16, 0x14, 0x14, 0x16,
	0x13, 0x13, 0x15, 0x13, 0x13, 0x15, 0x13, 0x13, 0x15, 0x13, 0x13, 0x15, 0x13, 0x13, 0x15, 0x13,
	0x13, 0x15, 0x13, 0x13, 0x15, 0x13, 0x13, 0x15, 0x13, 0x13, 0x14, 0x14, 0x14, 0x16, 0x26, 0x26,
	0x28, 0x33, 0x33, 0x36, 0x35, 0x35, 0x38, 0x34, 0x34, 0x38, 0x35, 0x35, 0x38, 0x34, 0x34, 0x38,
	0x34, 0x34, 0x38, 0x34, 0x34, 0x38, 0x34, 0x34, 0x38, 0x35, 0x35, 0x38, 0x34, 0x34, 0x38, 0x34,
	0x34, 0x38, 0x34, 0x34, 0x38, 0x2f, 0x2f, 0x32, 0x1e, 0x1e, 0x20, 0x14, 0x13, 0x14, 0x18, 0x16,
	0x15, 0x1b, 0x18, 0x14, 0x20, 0x1b, 0x15, 0x27, 0x1f, 0x15, 0x2f, 0x24, 0x14, 0x33, 0x24, 0x11,
	0x51, 0x3c, 0x1e, 0xa3, 0x81, 0x3f, 0xce, 0xa2, 0x4b, 0xd2, 0xa5, 0x4c, 0xd3, 0xa5, 0x4c, 0xd4,
	0xa5, 0x4c, 0xd5, 0xa6, 0x4c, 0xd5, 0xa6, 0x4c, 0xd5, 0xa6, 0x4c, 0xd5, 0xa6, 0x4c, 0xd4, 0xa5,
	0x4c, 0xd3, 0xa5, 0x4c, 0xd2, 0xa5, 0x4c, 0xcd, 0xa2, 0x4b, 0xa3, 0x81, 0x3f, 0x51, 0x3c, 0x1e,
	0x33, 0x24, 0x11, 0x2f, 0x24, 0x14, 0x27, 0x1f, 0x15, 0x21, 0x1b, 0x15, 0x1b, 0x18, 0x14, 0x18,
	0x16, 0x15, 0x14, 0x13, 0x14, 0x1e, 0x1e, 0x20, 0x2f, 0x2f, 0x32, 0x34, 0x34, 0x38, 0x34, 0x34,
	0x38, 0x34, 0x34, 0x38, 0x34, 0x34, 0x38, 0x34, 0x34, 0x38, 0x34, 0x34, 0x38, 0x35, 0x35, 0x38,
	0x34, 0x34, 0x38, 0x34, 0x34, 0x38, 0x34, 0x34, 0x38, 0x34, 0x34, 0x38, 0x32, 0x32, 0x36, 0x26,
	0x26, 0x28, 0x14, 0x14, 0x16, 0x13, 0x13, 0x15, 0x13, 0x13, 0x15, 0x13, 0x13, 0x15, 0x13, 0x13,
	0x15, 0x13, 0x13, 0x15, 0x13, 0x13, 0x15, 0x13, 0x13, 0x15, 0x13, 0x13, 0x15, 0x13, 0x13, 0x15,
	0x13, 0x13, 0x15, 0x13, 0x13, 0x15, 0x13, 0x13, 0x15, 0x13, 0x13, 0x15, 0x13, 0x13, 0x15, 0x13,
	0x13, 0x15, 0x13, 0x13, 0x15, 0x13, 0x13, 0x15, 0x14, 0x14, 0x16, 0x31, 0x31, 0x34, 0x3d, 0x3d,
	0x41, 0x3a, 0x3a, 0x3e, 0x3a, 0x3a, 0x3e, 0x3a, 0x3a, 0x3e, 0x3a, 0x3a, 0x3e, 0x3a, 0x3a, 0x3e,
	0x3a, 0x3a, 0x3e, 0x3a, 0x3a, 0x3e, 0x3a, 0x3a, 0x3e, 0x3a, 0x3a, 0x3e, 0x3a, 0x3a, 0x3e, 0x3a,
	0x3a, 0x3e, 0x3a, 0x3a, 0x3e, 0x3b, 0x3b, 0x3f, 0x3d, 0x3c, 0x3f, 0x25, 0x25, 0x25, 0x17, 0x15,
	0x13, 0x1d, 0x19, 0x14, 0x24, 0x1d, 0x15, 0x2c, 0x22, 0x14, 0x32, 0x24, 0x11, 0x5a, 0x44, 0x22,
	0xe3, 0xb2, 0x50, 0xff, 0xc8, 0x48, 0xff, 0xc3, 0x43, 0xff, 0xc3, 0x43, 0xff, 0xc3, 0x43, 0xff,
	0xc3, 0x43, 0xff, 0xc3, 0x43, 0xff, 0xc3, 0x43, 0xff, 0xc3, 0x43, 0xff, 0xc3, 0x43, 0xff, 0xc3,
	0x43, 0xff, 0xc3, 0x43, 0xff, 0xc3, 0x43, 0xff, 0xc3, 0x43, 0xff, 0xc8, 0x49, 0xe3, 0xb2, 0x50,
	0x5a, 0x44, 0x22, 0x32, 0x24, 0x11, 0x2c, 0x22, 0x14, 0x24, 0x1d, 0x15, 0x1d, 0x19, 0x14, 0x17,
	0x15, 0x13, 0x25, 0x24, 0x26, 0x3c, 0x3c, 0x3f, 0x3b, 0x3b, 0x3f, 0x3a, 0x3a, 0x3e, 0x3a, 0x3a,
	0x3e, 0x3a, 0x3a, 0x3e, 0x3a, 0x3a, 0x3e, 0x3a, 0x3a, 0x3e, 0x3a, 0x3a, 0x3e, 0x3a, 0x3a, 0x3e,
	0x3a, 0x3a, 0x3e, 0x3a, 0x3a, 0x3e, 0x3a, 0x3a, 0x3e, 0x3a, 0x3a, 0x3e, 0x3a, 0x3a, 0x3e, 0x3d,
	0x3d, 0x41, 0x31, 0x31, 0x34, 0x14, 0x14, 0x16, 0x13, 0x13, 0x15, 0x13, 0x13, 0x15, 0x13, 0x13,
	0x15, 0x13, 0x13, 0x15, 0x13, 0x13, 0x15, 0x13, 0x13, 0x15, 0x13, 0x13, 0x15, 0x13, 0x13, 0x15,
	0x13, 0x13, 0x15, 0x13, 0x13, 0x15, 0x13, 0x13, 0x15, 0x13, 0x13, 0x15, 0x13, 0x13, 0x15, 0x13,
	0x13, 0x15, 0x13, 0x13, 0x15, 0x11, 0x11, 0x13, 0x26, 0x26, 0x29, 0x3c, 0x3c, 0x3f, 0x38, 0x38,
	0x3c, 0x38, 0x38, 0x3c, 0x38, 0x38, 0x3c, 0x38, 0x38, 0x3c, 0x38, 0x38, 0x3c, 0x38, 0x38, 0x3c,
	0x38, 0x38, 0x3c, 0x38, 0x38, 0x3c, 0x38, 0x38, 0x3c, 0x38, 0x38, 0x3c, 0x38, 0x38, 0x3c, 0x38,
	0x38, 0x3c, 0x38, 0x38, 0x3c, 0x38, 0x38, 0x3c, 0x39, 0x39, 0x3c, 0x3c, 0x3a, 0x3c, 0x1e, 0x1c,
	0x19, 0x1f, 0x1a, 0x14, 0x28, 0x1f, 0x14, 0x31, 0x25, 0x13, 0x3a, 0x2a, 0x13, 0xc7, 0x9a, 0x46,
	0xff, 0xc4, 0x41, 0xff, 0xbc, 0x3d, 0xff, 0xbd, 0x3e, 0xff, 0xbc, 0x3e, 0xff, 0xbd, 0x3e, 0xff,
	0xbc, 0x3e, 0xff, 0xbc, 0x3e, 0xff, 0xbd, 0x3e, 0xff, 0xbd, 0x3e, 0xff, 0xbc, 0x3e, 0xff, 0xbc,
	0x3e, 0xff, 0xbc, 0x3e, 0xff, 0xbc, 0x3e, 0xff, 0xbc, 0x3e, 0xff, 0xbc, 0x3e, 0xff, 0xc4, 0x41,
	0xc7, 0x9a, 0x46, 0x3a, 0x2a, 0x13, 0x31, 0x25, 0x13, 0x27, 0x1f, 0x14, 0x1f, 0x1a, 0x13, 0x1e,
	0x1c, 0x19, 0x39, 0x39, 0x3d, 0x38, 0x38, 0x3c, 0x38, 0x38, 0x3c, 0x38, 0x38, 0x3c, 0x38, 0x38,
	0x3c, 0x38, 0x38, 0x3c, 0x38, 0x38, 0x3c, 0x38, 0x38, 0x3c, 0x38, 0x38, 0x3c, 0x38, 0x38, 0x3c,
	0x38, 0x38, 0x3c, 0x38, 0x38, 0x3c, 0x38, 0x38, 0x3c, 0x38, 0x38, 0x3c, 0x38, 0x38, 0x3c, 0x38,
	0x38, 0x3b, 0x3c, 0x3c, 0x3f, 0x26, 0x26, 0x29, 0x11, 0x11, 0x13, 0x13, 0x13, 0x15, 0x13, 0x13,
	0x15, 0x13, 0x13, 0x15, 0x13, 0x13, 0x15, 0x13, 0x13, 0x15, 0x13, 0x13, 0x15, 0x13, 0x13, 0x15,
	0x12, 0x12, 0x14, 0x13, 0x13, 0x14, 0x13, 0x13, 0x15, 0x13, 0x13, 0x14, 0x13, 0x13, 0x14, 0x13,
	0x13, 0x14, 0x13, 0x13, 0x14, 0x12, 0x12, 0x14, 0x32, 0x32, 0x35, 0x38, 0x38, 0x3c, 0x37, 0x37,
	0x3b, 0x37, 0x37, 0x3b, 0x37, 0x37, 0x3b, 0x37, 0x37, 0x3b, 0x37, 0x37, 0x3b, 0x37, 0x37, 0x3b,
	0x37, 0x37, 0x3b, 0x37, 0x37, 0x3b, 0x37, 0x37, 0x3b, 0x37, 0x37, 0x3b, 0x37, 0x37, 0x3b, 0x37,
	0x37, 0x3b, 0x37, 0x37, 0x3b, 0x37, 0x37, 0x3b, 0x38, 0x37, 0x3b, 0x3d, 0x3c, 0x3d, 0x2a, 0x27,
	0x24, 0x20, 0x1a, 0x12, 0x2b, 0x21, 0x13, 0x33, 0x25, 0x11, 0x57, 0x41, 0x1f, 0xf7, 0xb9, 0x48,
	0xff, 0xbb, 0x39, 0xff, 0xba, 0x3a, 0xff, 0xba, 0x3a, 0xff, 0xba, 0x3a, 0xff, 0xba, 0x3a, 0xff,
	0xba, 0x3a, 0xff, 0xbb, 0x3b, 0xff, 0xbe, 0x3c, 0xff, 0xbe, 0x3c, 0xff, 0xbb, 0x3b, 0xff, 0xba,
	0x3a, 0xff, 0xba, 0x3a, 0xff, 0xba, 0x3a, 0xff, 0xba, 0x3a, 0xff, 0xba, 0x3a, 0xff, 0xbb, 0x39,
	0xf7, 0xb9, 0x48, 0x57, 0x41, 0x1f, 0x33, 0x25, 0x12, 0x2b, 0x21, 0x13, 0x20, 0x1a, 0x12, 0x29,
	0x26, 0x24, 0x3a, 0x3a, 0x3e, 0x37, 0x37, 0x3b, 0x37, 0x37, 0x3b, 0x37, 0x37, 0x3b, 0x37, 0x37,
	0x3b, 0x37, 0x37, 0x3b, 0x37, 0x37, 0x3b, 0x37, 0x37, 0x3b, 0x37, 0x37, 0x3b, 0x37, 0x37, 0x3b,
	0x37, 0x37, 0x3b, 0x37, 0x37, 0x3b, 0x37, 0x37, 0x3b, 0x37, 0x37, 0x3b, 0x37, 0x37, 0x3b, 0x37,
	0x37, 0x3b, 0x38, 0x38, 0x3c, 0x32, 0x32, 0x35, 0x12, 0x12, 0x14, 0x12, 0x12, 0x14, 0x13, 0x13,
	0x14, 0x13, 0x13, 0x14, 0x13, 0x13, 0x15, 0x13, 0x13, 0x14, 0x13, 0x13, 0x14, 0x13, 0x13, 0x15,
	0x12, 0x12, 0x14, 0x12, 0x12, 0x14, 0x12, 0x12, 0x14, 0x12, 0x12, 0x14, 0x12, 0x12, 0x14, 0x12,
	0x12, 0x14, 0x12, 0x12, 0x14, 0x13, 0x13, 0x15, 0x33, 0x33, 0x36, 0x37, 0x37, 0x3b, 0x36, 0x36,
	0x3a, 0x36, 0x36, 0x3a, 0x36, 0x36, 0x3a, 0x36, 0x36, 0x3a, 0x36, 0x36, 0x3a, 0x36, 0x36, 0x3a,
	0x36, 0x36, 0x3a, 0x36, 0x36, 0x3a, 0x36, 0x36, 0x3a, 0x36, 0x36, 0x3a, 0x36, 0x36, 0x3a, 0x36,
	0x36, 0x3a, 0x36, 0x36, 0x3a, 0x36, 0x36, 0x3a, 0x37, 0x36, 0x3a, 0x3c, 0x3a, 0x3b, 0x2e, 0x2a,
	0x26, 0x21, 0x1b, 0x12, 0x2d, 0x22, 0x13, 0x36, 0x27, 0x11, 0x64, 0x4b, 0x22, 0xfc, 0xba, 0x43,
	0xff, 0xb8, 0x35, 0xff, 0xb7, 0x37, 0xff, 0xb8, 0x36, 0xff, 0xb8, 0x36, 0xff, 0xb8, 0x36, 0xff,
	0xb9, 0x37, 0xff, 0xba, 0x37, 0x8a, 0x61, 0x19, 0x8a, 0x61, 0x19, 0xff, 0xba, 0x37, 0xff, 0xb9,
	0x37, 0xff, 0xb7, 0x36, 0xff, 0xb8, 0x36, 0xff, 0xb8, 0x36, 0xff, 0xb8, 0x36, 0xff, 0xb8, 0x35,
	0xfc, 0xba, 0x43, 0x64, 0x4a, 0x22, 0x37, 0x27, 0x11, 0x2d, 0x22, 0x13, 0x22, 0x1b, 0x12, 0x2b,
	0x29, 0x27, 0x38, 0x38, 0x3d, 0x36, 0x36, 0x3a, 0x36, 0x36, 0x3a, 0x36, 0x36, 0x3a, 0x36, 0x36,
	0x3a, 0x36, 0x36, 0x3a, 0x36, 0x36, 0x3a, 0x36, 0x36, 0x3a, 0x36, 0x36, 0x3a, 0x36, 0x36, 0x3a,
	0x36, 0x36, 0x3a, 0x36, 0x36, 0x3a, 0x36, 0x36, 0x3a, 0x36, 0x36, 0x3a, 0x36, 0x36, 0x3a, 0x36,
	0x36, 0x3a, 0x37, 0x37, 0x3a, 0x33, 0x33, 0x36, 0x13, 0x13, 0x15, 0x12, 0x12, 0x14, 0x12, 0x12,
	0x14, 0x12, 0x12, 0x14, 0x12, 0x12, 0x14, 0x12, 0x12, 0x14, 0x12, 0x12, 0x14, 0x12, 0x12, 0x14,
	0x12, 0x12, 0x14, 0x12, 0x12, 0x14, 0x12, 0x12, 0x14, 0x12, 0x12, 0x14, 0x12, 0x12, 0x14, 0x12,
	0x12, 0x14, 0x12, 0x12, 0x14, 0x13, 0x13, 0x15, 0x32, 0x32, 0x36, 0x36, 0x36, 0x39, 0x35, 0x35,
	0x39, 0x35, 0x35, 0x39, 0x35, 0x35, 0x39, 0x35, 0x35, 0x39, 0x35, 0x35, 0x39, 0x35, 0x35, 0x39,
	0x35, 0x35, 0x39, 0x35, 0x35, 0x39, 0x35, 0x35, 0x39, 0x35, 0x35, 0x39, 0x35, 0x35, 0x39, 0x35,
	0x35, 0x39, 0x35, 0x35, 0x39, 0x35, 0x35, 0x39, 0x36, 0x36, 0x39, 0x3c, 0x3a, 0x3a, 0x2e, 0x2a,
	0x26, 0x23, 0x1b, 0x12, 0x2f, 0x24, 0x13, 0x3a, 0x29, 0x10, 0x67, 0x4c, 0x22, 0xfb, 0xb7, 0x3f,
	0xff, 0xb5, 0x31, 0xff, 0xb5, 0x32, 0xff, 0xb5, 0x32, 0xff, 0xb5, 0x32, 0xff, 0xb6, 0x33, 0xff,
	0xb9, 0x33, 0x88, 0x5e, 0x17, 0x33, 0x20, 0x03, 0x33, 0x20, 0x03, 0x88, 0x5e, 0x17, 0xff, 0xb9,
	0x34, 0xff, 0xb6, 0x33, 0xff, 0xb5, 0x32, 0xff, 0xb5, 0x32, 0xff, 0xb5, 0x32, 0xff, 0xb5, 0x31,
	0xfb, 0xb7, 0x3f, 0x67, 0x4c, 0x22, 0x39, 0x29, 0x10, 0x2f, 0x23, 0x13, 0x23, 0x1b, 0x12, 0x2b,
	0x29, 0x27, 0x37, 0x37, 0x3b, 0x35, 0x35, 0x39, 0x35, 0x35, 0x39, 0x35, 0x35, 0x39, 0x35, 0x35,
	0x39, 0x35, 0x35, 0x39, 0x35, 0x35, 0x39, 0x35, 0x35, 0x39, 0x35, 0x35, 0x39, 0x35, 0x35, 0x39,
	0x35, 0x35, 0x39, 0x35, 0x35, 0x39, 0x35, 0x35, 0x39, 0x35, 0x35, 0x39, 0x35, 0x35, 0x39, 0x35,
	0x35, 0x39, 0x36, 0x36, 0x39, 0x32, 0x32, 0x36, 0x13, 0x13, 0x15, 0x12, 0x12, 0x14, 0x12, 0x12,
	0x14, 0x12, 0x12, 0x14, 0x12, 0x12, 0x14, 0x12, 0x12, 0x14, 0x12, 0x12, 0x14, 0x12, 0x12, 0x14,
	0x12, 0x12, 0x14, 0x12, 0x12, 0x14, 0x12, 0x12, 0x14, 0x12, 0x12, 0x14, 0x12, 0x12, 0x14, 0x12,
	0x12, 0x14, 0x12, 0x12, 0x13, 0x13, 0x13, 0x14, 0x32, 0x32, 0x35, 0x35, 0x35, 0x38, 0x34, 0x34,
	0x38, 0x34, 0x34, 0x38, 0x34, 0x34, 0x38, 0x34, 0x34, 0x38, 0x34, 0x34, 0x38, 0x34, 0x34, 0x38,
	0x34, 0x34, 0x38, 0x34, 0x34, 0x38, 0x34, 0x34, 0x38, 0x34, 0x34, 0x38, 0x34, 0x34, 0x38, 0x34,
	0x34, 0x38, 0x34, 0x34, 0x38, 0x34, 0x34, 0x38, 0x35, 0x35, 0x38, 0x3b, 0x39, 0x39, 0x2e, 0x2a,
	0x25, 0x24, 0x1c, 0x11, 0x31, 0x24, 0x12, 0x3c, 0x2a, 0x10, 0x69, 0x4d, 0x21, 0xfb, 0xb5, 0x3c,
	0xff, 0xb3, 0x2d, 0xff, 0xb2, 0x2f, 0xff, 0xb3, 0x2e, 0xff, 0xb3, 0x2f, 0xff, 0xb7, 0x30, 0x8b,
	0x60, 0x16, 0x32, 0x20, 0x02, 0x64, 0x44, 0x0d, 0x64, 0x44, 0x0d, 0x32, 0x20, 0x02, 0x8b, 0x60,
	0x16, 0xff, 0xb7, 0x30, 0xff, 0xb4, 0x2f, 0xff, 0xb2, 0x2f, 0xff, 0xb3, 0x2e, 0xff, 0xb3, 0x2d,
	0xfb, 0xb5, 0x3c, 0x69, 0x4d, 0x21, 0x3c, 0x2a, 0x10, 0x31, 0x24, 0x12, 0x24, 0x1c, 0x11, 0x2b,
	0x28, 0x27, 0x36, 0x36, 0x3a, 0x34, 0x34, 0x38, 0x34, 0x34, 0x38, 0x34, 0x34, 0x38, 0x34, 0x34,
	0x38, 0x34, 0x34, 0x38, 0x34, 0x34, 0x38, 0x34, 0x34, 0x38, 0x34, 0x34, 0x38, 0x34, 0x34, 0x38,
	0x34, 0x34, 0x38, 0x34, 0x34, 0x38, 0x34, 0x34, 0x38, 0x34, 0x34, 0x38, 0x34, 0x34, 0x38, 0x34,
	0x34, 0x38, 0x35, 0x35, 0x38, 0x32, 0x32, 0x35, 0x13, 0x13, 0x14, 0x12, 0x12, 0x13, 0x12, 0x12,
	0x14, 0x12, 0x12, 0x14, 0x12, 0x12, 0x14, 0x12, 0x12, 0x14, 0x12, 0x12, 0x14, 0x12, 0x12, 0x14,
	0x11, 0x11, 0x13, 0x12, 0x12, 0x13, 0x12, 0x12, 0x13, 0x12, 0x12, 0x13, 0x12, 0x12, 0x13, 0x12,
	0x12, 0x13, 0x11, 0x11, 0x13, 0x12, 0x12, 0x14, 0x31, 0x31, 0x34, 0x34, 0x34, 0x38, 0x33, 0x33,
	0x37, 0x33, 0x33, 0x37, 0x33, 0x33, 0x37, 0x33, 0x33, 0x37, 0x33, 0x33, 0x37, 0x33, 0x33, 0x37,
	0x33, 0x33, 0x37, 0x33, 0x33, 0x37, 0x33, 0x33, 0x37, 0x33, 0x33, 0x37, 0x33, 0x33, 0x37, 0x33,
	0x33, 0x37, 0x33, 0x33, 0x37, 0x33, 0x33, 0x37, 0x35, 0x34, 0x37, 0x3a, 0x38, 0x38, 0x2e, 0x2a,
	0x25, 0x24, 0x1c, 0x11, 0x32, 0x25, 0x12, 0x3d, 0x2a, 0x10, 0x6a, 0x4d, 0x20, 0xfb, 0xb3, 0x38,
	0xff, 0xb0, 0x29, 0xff, 0xb0, 0x2b, 0xff, 0xb1, 0x2b, 0xff, 0xb4, 0x2c, 0x90, 0x62, 0x15, 0x2f,
	0x1d, 0x01, 0x55, 0x38, 0x09, 0x2c, 0x1b, 0x01, 0x2c, 0x1b, 0x01, 0x55, 0x38, 0x09, 0x2f, 0x1d,
	0x01, 0x90, 0x62, 0x15, 0xff, 0xb4, 0x2c, 0xff, 0xb1, 0x2b, 0xff, 0xb0, 0x2b, 0xff, 0xb0, 0x29,
	0xfb, 0xb3, 0x38, 0x6a, 0x4d, 0x21, 0x3d, 0x2b, 0x10, 0x32, 0x25, 0x12, 0x24, 0x1c, 0x11, 0x2b,
	0x28, 0x26, 0x35, 0x36, 0x39, 0x33, 0x33, 0x37, 0x33, 0x33, 0x37, 0x33, 0x33, 0x37, 0x33, 0x33,
	0x37, 0x33, 0x33, 0x37, 0x33, 0x33, 0x37, 0x33, 0x33, 0x37, 0x33, 0x33, 0x37, 0x33, 0x33, 0x37,
	0x33, 0x33, 0x37, 0x33, 0x33, 0x37, 0x33, 0x33, 0x37, 0x33, 0x33, 0x37, 0x33, 0x33, 0x37, 0x33,
	0x33, 0x37, 0x34, 0x34, 0x38, 0x31, 0x31, 0x34, 0x12, 0x12, 0x14, 0x11, 0x11, 0x13, 0x12, 0x12,
	0x13, 0x12, 0x12, 0x13, 0x12, 0x12, 0x13, 0x12, 0x12, 0x13, 0x12, 0x12, 0x13, 0x12, 0x12, 0x13,
	0x11, 0x11, 0x13, 0x11, 0x11, 0x13, 0x11, 0x11, 0x13, 0x11, 0x11, 0x13, 0x11, 0x11, 0x13, 0x11,
	0x11, 0x13, 0x11, 0x11, 0x13, 0x12, 0x12, 0x14, 0x30, 0x30, 0x33, 0x33, 0x33, 0x37, 0x32, 0x32,
	0x36, 0x32, 0x32, 0x36, 0x32, 0x32, 0x36, 0x32, 0x32, 0x36, 0x32, 0x32, 0x36, 0x32, 0x32, 0x36,
	0x32, 0x32, 0x36, 0x32, 0x32, 0x36, 0x32, 0x32, 0x36, 0x32, 0x32, 0x36, 0x32, 0x32, 0x36, 0x32,
	0x32, 0x36, 0x32, 0x32, 0x36, 0x32, 0x32, 0x36, 0x34, 0x33, 0x36, 0x3a, 0x37, 0x37, 0x2e, 0x29,
	0x24, 0x24, 0x1c, 0x11, 0x32, 0x25, 0x12, 0x3d, 0x2b, 0x10, 0x6b, 0x4d, 0x20, 0xfb, 0xb0, 0x35,
	0xff, 0xae, 0x25, 0xff, 0xae, 0x27, 0xfc, 0xaf, 0x27, 0x92, 0x62, 0x13, 0x27, 0x18, 0x00, 0x46,
	0x2e, 0x05, 0x2b, 0x1b, 0x00, 0x29, 0x19, 0x00, 0x29, 0x19, 0x00, 0x2b, 0x1b, 0x00, 0x46, 0x2e,
	0x05, 0x27, 0x18, 0x00, 0x92, 0x62, 0x13, 0xfc, 0xaf, 0x27, 0xff, 0xae, 0x27, 0xff, 0xae, 0x25,
	0xfb, 0xb0, 0x35, 0x6b, 0x4d, 0x20, 0x3d, 0x2b, 0x0f, 0x32, 0x25, 0x12, 0x25, 0x1c, 0x11, 0x2b,
	0x28, 0x26, 0x34, 0x34, 0x39, 0x32, 0x32, 0x36, 0x32, 0x32, 0x36, 0x32, 0x32, 0x36, 0x32, 0x32,
	0x36, 0x32, 0x32, 0x36, 0x32, 0x32, 0x36, 0x32, 0x32, 0x36, 0x32, 0x32, 0x36, 0x32, 0x32, 0x36,
	0x32, 0x32, 0x36, 0x32, 0x32, 0x36, 0x32, 0x32, 0x36, 0x32, 0x32, 0x36, 0x32, 0x32, 0x36, 0x32,
	0x32, 0x36, 0x33, 0x33, 0x37, 0x30, 0x30, 0x33, 0x12, 0x12, 0x14, 0x11, 0x11, 0x13, 0x11, 0x11,
	0x13, 0x11, 0x11, 0x13, 0x11, 0x11, 0x13, 0x11, 0x11, 0x13, 0x11, 0x11, 0x13, 0x11, 0x11, 0x13,
	0x11, 0x11, 0x13, 0x11, 0x11, 0x13, 0x11, 0x11, 0x13, 0x11, 0x11, 0x13, 0x11, 0x11, 0x13, 0x11,
	0x11, 0x13, 0x11, 0x11, 0x13, 0x12, 0x12, 0x14, 0x2f, 0x2f, 0x32, 0x32, 0x32, 0x35, 0x31, 0x31,
	0x35, 0x31, 0x31, 0x35, 0x31, 0x31, 0x35, 0x31, 0x31, 0x35, 0x31, 0x31, 0x35, 0x31, 0x31, 0x35,
	0x31, 0x31, 0x35, 0x31, 0x31, 0x35, 0x31, 0x31, 0x35, 0x31, 0x31, 0x35, 0x31, 0x31, 0x35, 0x31,
	0x31, 0x35, 0x31, 0x31, 0x35, 0x31, 0x31, 0x35, 0x33, 0x32, 0x35, 0x39, 0x36, 0x36, 0x2e, 0x29,
	0x24, 0x24, 0x1c, 0x10, 0x32, 0x24, 0x12, 0x3d, 0x2a, 0x0f, 0x6b, 0x4d, 0x1f, 0xfb, 0xae, 0x31,
	0xff, 0xab, 0x21, 0xff, 0xb0, 0x24, 0xc6, 0x84, 0x1a, 0x33, 0x20, 0x02, 0x8d, 0x5d, 0x10, 0x2d,
	0x1c, 0x01, 0x29, 0x1a, 0x00, 0x26, 0x17, 0x00, 0x26, 0x17, 0x00, 0x29, 0x1a, 0x00, 0x2d, 0x1c,
	0x01, 0x8d, 0x5d, 0x10, 0x33, 0x20, 0x02, 0xc6, 0x85, 0x1a, 0xff, 0xb0, 0x24, 0xff, 0xab, 0x21,
	0xfb, 0xae, 0x31, 0x6b, 0x4d, 0x1f, 0x3d, 0x2a, 0x0f, 0x32, 0x24, 0x12, 0x25, 0x1c, 0x10, 0x2b,
	0x27, 0x25, 0x33, 0x34, 0x37, 0x31, 0x31, 0x35, 0x31, 0x31, 0x35, 0x31, 0x31, 0x35, 0x31, 0x31,
	0x35, 0x31, 0x31, 0x35, 0x31, 0x31, 0x35, 0x31, 0x31, 0x35, 0x31, 0x31, 0x35, 0x31, 0x31, 0x35,
	0x31, 0x31, 0x35, 0x31, 0x31, 0x35, 0x31, 0x31, 0x35, 0x31, 0x31, 0x35, 0x31, 0x31, 0x35, 0x31,
	0x31, 0x35, 0x32, 0x32, 0x36, 0x2f, 0x2f, 0x32, 0x12, 0x12, 0x14, 0x11, 0x11, 0x13, 0x11, 0x11,
	0x13, 0x11, 0x11, 0x13, 0x11, 0x11, 0x13, 0x11, 0x11, 0x13, 0x11, 0x11, 0x13, 0x11, 0x11, 0x13,
	0x11, 0x11, 0x12, 0x11, 0x11, 0x13, 0x11, 0x11, 0x13, 0x11, 0x11, 0x13, 0x11, 0x11, 0x13, 0x11,
	0x11, 0x13, 0x11, 0x11, 0x12, 0x12, 0x12, 0x13, 0x2e, 0x2e, 0x31, 0x31, 0x31, 0x34, 0x30, 0x30,
	0x34, 0x30, 0x30, 0x34, 0x31, 0x31, 0x34, 0x30, 0x30, 0x34, 0x30, 0x30, 0x34, 0x30, 0x30, 0x34,
	0x30, 0x30, 0x34, 0x30, 0x30, 0x34, 0x30, 0x30, 0x34, 0x30, 0x30, 0x34, 0x30, 0x30, 0x34, 0x30,
	0x30, 0x34, 0x30, 0x30, 0x34, 0x30, 0x30, 0x34, 0x32, 0x31, 0x34, 0x38, 0x35, 0x35, 0x2d, 0x28,
	0x23, 0x24, 0x1c, 0x10, 0x32, 0x24, 0x11, 0x3d, 0x2a, 0x0f, 0x6a, 0x4c, 0x1f, 0xfb, 0xac, 0x2e,
	0xff, 0xa9, 0x1d, 0xff, 0xaa, 0x1f, 0xf2, 0xa0, 0x1d, 0xdf, 0x96, 0x1b, 0xd1, 0x8a, 0x19, 0x28,
	0x18, 0x00, 0x29, 0x19, 0x00, 0x49, 0x2f, 0x04, 0x49, 0x2f, 0x04, 0x29, 0x19, 0x00, 0x28, 0x18,
	0x00, 0xd1, 0x8a, 0x19, 0xdf, 0x96, 0x1b, 0xf2, 0xa0, 0x1d, 0xff, 0xaa, 0x1f, 0xff, 0xa9, 0x1d,
	0xfb, 0xac, 0x2e, 0x6a, 0x4c, 0x1f, 0x3d, 0x2a, 0x0f, 0x31, 0x24, 0x11, 0x24, 0x1c, 0x10, 0x2a,
	0x27, 0x24, 0x32, 0x32, 0x36, 0x30, 0x30, 0x34, 0x30, 0x30, 0x34, 0x30, 0x30, 0x34, 0x30, 0x30,
	0x34, 0x30, 0x30, 0x34, 0x30, 0x30, 0x34, 0x30, 0x30, 0x34, 0x30, 0x30, 0x34, 0x30, 0x30, 0x34,
	0x30, 0x30, 0x34, 0x30, 0x30, 0x34, 0x30, 0x30, 0x34, 0x30, 0x30, 0x34, 0x30, 0x30, 0x34, 0x30,
	0x30, 0x34, 0x31, 0x31, 0x35, 0x2e, 0x2e, 0x32, 0x12, 0x12, 0x13, 0x11, 0x11, 0x12, 0x11, 0x11,
	0x13, 0x11, 0x11, 0x13, 0x11, 0x11, 0x13, 0x11, 0x11, 0x13, 0x11, 0x11, 0x13, 0x11, 0x11, 0x13,
	0x11, 0x11, 0x12, 0x11, 0x11, 0x12, 0x11, 0x11, 0x12, 0x11, 0x11, 0x12, 0x11, 0x11, 0x12, 0x11,
	0x11, 0x12, 0x10, 0x10, 0x12, 0x11, 0x11, 0x13, 0x2e, 0x2e, 0x31, 0x30, 0x30, 0x34, 0x2f, 0x2f,
	0x33, 0x30, 0x30, 0x33, 0x2f, 0x2f, 0x33, 0x30, 0x30, 0x33, 0x2f, 0x2f, 0x33, 0x2f, 0x2f, 0x33,
	0x30, 0x30, 0x33, 0x2f, 0x2f, 0x33, 0x30, 0x30, 0x33, 0x2f, 0x2f, 0x33, 0x2f, 0x2f, 0x33, 0x2f,
	0x2f, 0x33, 0x2f, 0x2f, 0x33, 0x30, 0x30, 0x33, 0x31, 0x30, 0x33, 0x36, 0x34, 0x34, 0x2c, 0x28,
	0x23, 0x23, 0x1b, 0x10, 0x31, 0x24, 0x11, 0x3c, 0x2a, 0x0f, 0x69, 0x4b, 0x1e, 0xfb, 0xaa, 0x2a,
	0xff, 0xa6, 0x19, 0xff, 0xa6, 0x1b, 0xff, 0xa7, 0x1b, 0xff, 0xad, 0x1d, 0xcc, 0x85, 0x15, 0x26,
	0x17, 0x00, 0x32, 0x1f, 0x01, 0xe3, 0x94, 0x18, 0xe3, 0x94, 0x18, 0x32, 0x1f, 0x01, 0x26, 0x17,
	0x00, 0xcc, 0x85, 0x15, 0xff, 0xad, 0x1d, 0xff, 0xa7, 0x1b, 0xff, 0xa6, 0x1b, 0xff, 0xa6, 0x1a,
	0xfb, 0xaa, 0x2a, 0x69, 0x4b, 0x1e, 0x3c, 0x2a, 0x0f, 0x31, 0x24, 0x11, 0x24, 0x1b, 0x10, 0x29,
	0x26, 0x24, 0x31, 0x32, 0x36, 0x2f, 0x2f, 0x33, 0x2f, 0x2f, 0x33, 0x2f, 0x2f, 0x33, 0x30, 0x30,
	0x33, 0x2f, 0x2f, 0x33, 0x30, 0x30, 0x33, 0x2f, 0x2f, 0x33, 0x2f, 0x2f, 0x33, 0x30, 0x30, 0x33,
	0x2f, 0x2f, 0x33, 0x30, 0x30, 0x33, 0x2f, 0x2f, 0x33, 0x2f, 0x2f, 0x33, 0x30, 0x30, 0x33, 0x30,
	0x30, 0x33, 0x30, 0x30, 0x34, 0x2e, 0x2e, 0x31, 0x11, 0x11, 0x13, 0x10, 0x10, 0x12, 0x11, 0x11,
	0x12, 0x11, 0x11, 0x12, 0x11, 0x11, 0x12, 0x11, 0x11, 0x12, 0x11, 0x11, 0x12, 0x11, 0x11, 0x12,
	0x10, 0x10, 0x12, 0x10, 0x10, 0x12, 0x10, 0x10, 0x12, 0x10, 0x10, 0x12, 0x10, 0x10, 0x12, 0x10,
	0x10, 0x12, 0x10, 0x10, 0x12, 0x11, 0x11, 0x13, 0x2d, 0x2d, 0x30, 0x2f, 0x2f, 0x33, 0x2f, 0x2f,
	0x32, 0x2f, 0x2f, 0x32, 0x2f, 0x2f, 0x32, 0x2f, 0x2f, 0x32, 0x2f, 0x2f, 0x32, 0x2f, 0x2f, 0x32,
	0x2f, 0x2f, 0x32, 0x2f, 0x2f, 0x32, 0x2f, 0x2f, 0x32, 0x2f, 0x2f, 0x32, 0x2f, 0x2f, 0x32, 0x2f,
	0x2f, 0x32, 0x2f, 0x2f, 0x32, 0x2f, 0x2f, 0x32, 0x30, 0x2f, 0x32, 0x35, 0x33, 0x33, 0x2b, 0x27,
	0x22, 0x22, 0x1a, 0x10, 0x2f, 0x23, 0x11, 0x3a, 0x28, 0x0f, 0x67, 0x4a, 0x1e, 0xfb, 0xa7, 0x27,
	0xff, 0xa4, 0x16, 0xff, 0xa4, 0x17, 0xff, 0xa4, 0x17, 0xff, 0xa8, 0x18, 0xca, 0x82, 0x12, 0x22,
	0x14, 0x00, 0x32, 0x1f, 0x01, 0xec, 0x97, 0x15, 0xec, 0x97, 0x15, 0x32, 0x1f, 0x01, 0x22, 0x14,
	0x00, 0xca, 0x82, 0x12, 0xff, 0xa8, 0x18, 0xff, 0xa4, 0x17, 0xff, 0xa4, 0x17, 0xff, 0xa4, 0x16,
	0xfb, 0xa7, 0x27, 0x67, 0x4a, 0x1e, 0x3a, 0x28, 0x0f, 0x2f, 0x23, 0x11, 0x22, 0x1a, 0x10, 0x28,
	0x25, 0x23, 0x30, 0x31, 0x34, 0x2f, 0x2f, 0x32, 0x2f, 0x2f, 0x32, 0x2f, 0x2f, 0x32, 0x2f, 0x2f,
	0x32, 0x2f, 0x2f, 0x32, 0x2f, 0x2f, 0x32, 0x2f, 0x2f, 0x32, 0x2f, 0x2f, 0x32, 0x2f, 0x2f, 0x32,
	0x2f, 0x2f, 0x32, 0x2f, 0x2f, 0x32, 0x2f, 0x2f, 0x32, 0x2f, 0x2f, 0x32, 0x2f, 0x2f, 0x32, 0x2f,
	0x2f, 0x32, 0x2f, 0x2f, 0x33, 0x2d, 0x2d, 0x30, 0x11, 0x11, 0x13, 0x10, 0x10, 0x12, 0x10, 0x10,
	0x12, 0x10, 0x10, 0x12, 0x10, 0x10, 0x12, 0x10, 0x10, 0x12, 0x10, 0x10, 0x12, 0x10, 0x10, 0x12,
	0x10, 0x10, 0x12, 0x10, 0x10, 0x12, 0x10, 0x10, 0x12, 0x10, 0x10, 0x12, 0x10, 0x10, 0x12, 0x10,
	0x10, 0x12, 0x10, 0x10, 0x12, 0x11, 0x11, 0x12, 0x2c, 0x2c, 0x2f, 0x2e, 0x2e, 0x31, 0x2e, 0x2e,
	0x31, 0x2e, 0x2e, 0x31, 0x2e, 0x2e, 0x31, 0x2e, 0x2e, 0x31, 0x2e, 0x2e, 0x31, 0x2e, 0x2e, 0x31,
	0x2e, 0x2e, 0x31, 0x2e, 0x2e, 0x31, 0x2e, 0x2e, 0x31, 0x2e, 0x2e, 0x31, 0x2e, 0x2e, 0x31, 0x2e,
	0x2e, 0x31, 0x2e, 0x2e, 0x31, 0x2e, 0x2e, 0x31, 0x2f, 0x2e, 0x31, 0x34, 0x32, 0x32, 0x2a, 0x26,
	0x22, 0x21, 0x19, 0x10, 0x2d, 0x21, 0x11, 0x37, 0x26, 0x0f, 0x64, 0x48, 0x1d, 0xfb, 0xa5, 0x23,
	0xff, 0xa1, 0x12, 0xff, 0xa1, 0x13, 0xff, 0xa1, 0x13, 0xff, 0xa4, 0x14, 0xda, 0x8a, 0x10, 0x48,
	0x2d, 0x03, 0x4d, 0x30, 0x03, 0xe6, 0x91, 0x11, 0xe6, 0x91, 0x11, 0x4d, 0x30, 0x03, 0x48, 0x2d,
	0x03, 0xda, 0x8a, 0x10, 0xff, 0xa4, 0x14, 0xff, 0xa1, 0x13, 0xff, 0xa1, 0x13, 0xff, 0xa1, 0x12,
	0xfb, 0xa5, 0x23, 0x64, 0x48, 0x1d, 0x37, 0x27, 0x0f, 0x2d, 0x21, 0x11, 0x21, 0x19, 0x10, 0x27,
	0x24, 0x22, 0x30, 0x30, 0x33, 0x2e, 0x2e, 0x31, 0x2e, 0x2e, 0x31, 0x2e, 0x2e, 0x31, 0x2e, 0x2e,
	0x31, 0x2e, 0x2e, 0x31, 0x2e, 0x2e, 0x31, 0x2e, 0x2e, 0x31, 0x2e, 0x2e, 0x31, 0x2e, 0x2e, 0x31,
	0x2e, 0x2e, 0x31, 0x2e, 0x2e, 0x31, 0x2e, 0x2e, 0x31, 0x2e, 0x2e, 0x31, 0x2e, 0x2e, 0x31, 0x2e,
	0x2e, 0x31, 0x2e, 0x2e, 0x31, 0x2c, 0x2c, 0x2f, 0x11, 0x11, 0x12, 0x10, 0x10, 0x12, 0x10, 0x10,
	0x12, 0x10, 0x10, 0x12, 0x10, 0x10, 0x12, 0x10, 0x10, 0x12, 0x10, 0x10, 0x12, 0x10, 0x10, 0x12,
	0x10, 0x10, 0x11, 0x10, 0x10, 0x11, 0x10, 0x10, 0x11, 0x10, 0x10, 0x11, 0x10, 0x10, 0x11, 0x10,
	0x10, 0x11, 0x10, 0x10, 0x11, 0x10, 0x10, 0x12, 0x2b, 0x2b, 0x2e, 0x2d, 0x2d, 0x30, 0x2d, 0x2d,
	0x30, 0x2d, 0x2d, 0x30, 0x2d, 0x2d, 0x30, 0x2d, 0x2d, 0x30, 0x2d, 0x2d, 0x30, 0x2d, 0x2d, 0x30,
	0x2d, 0x2d, 0x30, 0x2d, 0x2d, 0x30, 0x2d, 0x2d, 0x30, 0x2d, 0x2d, 0x30, 0x2d, 0x2d, 0x30, 0x2d,
	0x2d, 0x30, 0x2d, 0x2d, 0x30, 0x2d, 0x2d, 0x30, 0x2e, 0x2d, 0x30, 0x33, 0x31, 0x31, 0x28, 0x25,
	0x21, 0x1f, 0x18, 0x10, 0x2a, 0x1f, 0x10, 0x33, 0x24, 0x0f, 0x61, 0x45, 0x1d, 0xfc, 0xa3, 0x1f,
	0xff, 0x9f, 0x0e, 0xff, 0x9f, 0x0f, 0xff, 0x9f, 0x0f, 0xff, 0x9f, 0x0f, 0xff, 0x9f, 0x0f, 0xf9,
	0x9b, 0x0f, 0xf7, 0x9a, 0x0f, 0xfc, 0x9d, 0x0f, 0xfc, 0x9d, 0x0f, 0xf7, 0x9a, 0x0f, 0xf9, 0x9b,
	0x0f, 0xff, 0x9f, 0x0f, 0xff, 0x9f, 0x0f, 0xff, 0x9f, 0x0f, 0xff, 0x9f, 0x0f, 0xff, 0x9f, 0x0e,
	0xfc, 0xa3, 0x1f, 0x61, 0x45, 0x1d, 0x33, 0x24, 0x0f, 0x2a, 0x20, 0x10, 0x1f, 0x18, 0x10, 0x26,
	0x23, 0x22, 0x2f, 0x2f, 0x32, 0x2d, 0x2d, 0x30, 0x2d, 0x2d, 0x30, 0x2d, 0x2d, 0x30, 0x2d, 0x2d,
	0x30, 0x2d, 0x2d, 0x30, 0x2d, 0x2d, 0x30, 0x2d, 0x2d, 0x30, 0x2d, 0x2d, 0x30, 0x2d, 0x2d, 0x30,
	0x2d, 0x2d, 0x30, 0x2d, 0x2d, 0x30, 0x2d, 0x2d, 0x30, 0x2d, 0x2d, 0x30, 0x2d, 0x2d, 0x30, 0x2d,
	0x2d, 0x30, 0x2d, 0x2d, 0x30, 0x2b, 0x2b, 0x2e, 0x11, 0x11, 0x12, 0x10, 0x10, 0x11, 0x10, 0x10,
	0x11, 0x10, 0x10, 0x11, 0x10, 0x10, 0x11, 0x10, 0x10, 0x11, 0x10, 0x10, 0x11, 0x10, 0x10, 0x12,
	0x10, 0x10, 0x11, 0x10, 0x10, 0x11, 0x10, 0x10, 0x11, 0x10, 0x10, 0x11, 0x10, 0x10, 0x11, 0x10,
	0x10, 0x11, 0x10, 0x10, 0x11, 0x0f, 0x0f, 0x10, 0x28, 0x28, 0x2a, 0x2d, 0x2d, 0x30, 0x2c, 0x2c,
	0x2f, 0x2c, 0x2c, 0x2f, 0x2c, 0x2c, 0x2f, 0x2c, 0x2c, 0x2f, 0x2c, 0x2c, 0x2f, 0x2c, 0x2c, 0x2f,
	0x2c, 0x2c, 0x2f, 0x2c, 0x2c, 0x2f, 0x2c, 0x2c, 0x2f, 0x2c, 0x2c, 0x2f, 0x2c, 0x2c, 0x2f, 0x2c,
	0x2c, 0x2f, 0x2c, 0x2c, 0x2f, 0x2c, 0x2c, 0x2f, 0x2c, 0x2c, 0x2f, 0x32, 0x30, 0x31, 0x22, 0x1f,
	0x1c, 0x1d, 0x17, 0x10, 0x27, 0x1e, 0x10, 0x30, 0x23, 0x0f, 0x4d, 0x37, 0x18, 0xef, 0x9c, 0x22,
	0xff, 0x9d, 0x09, 0xff, 0x9c, 0x0c, 0xff, 0x9c, 0x0b, 0xff, 0x9c, 0x0b, 0xff, 0x9c, 0x0c, 0xff,
	0x9d, 0x0c, 0xff, 0x9d, 0x0c, 0xff, 0x9c, 0x0b, 0xff, 0x9c, 0x0c, 0xff, 0x9d, 0x0c, 0xff, 0x9d,
	0x0c, 0xff, 0x9c, 0x0c, 0xff, 0x9c, 0x0b, 0xff, 0x9c, 0x0b, 0xff, 0x9c, 0x0c, 0xff, 0x9d, 0x09,
	0xef, 0x9c, 0x22, 0x4d, 0x37, 0x18, 0x30, 0x23, 0x0f, 0x27, 0x1e, 0x10, 0x1d, 0x17, 0x10, 0x21,
	0x1f, 0x1c, 0x2e, 0x2f, 0x32, 0x2b, 0x2b, 0x2f, 0x2c, 0x2c, 0x2f, 0x2c, 0x2c, 0x2f, 0x2c, 0x2c,
	0x2f, 0x2c, 0x2c, 0x2f, 0x2c, 0x2c, 0x2f, 0x2c, 0x2c, 0x2f, 0x2c, 0x2c, 0x2f, 0x2c, 0x2c, 0x2f,
	0x2c, 0x2c, 0x2f, 0x2c, 0x2c, 0x2f, 0x2c, 0x2c, 0x2f, 0x2c, 0x2c, 0x2f, 0x2c, 0x2c, 0x2f, 0x2c,
	0x2c, 0x2f, 0x2d, 0x2d, 0x30, 0x28, 0x28, 0x2a, 0x0f, 0x0f, 0x10, 0x10, 0x10, 0x11, 0x10, 0x10,
	0x11, 0x10, 0x10, 0x11, 0x10, 0x10, 0x11, 0x10, 0x10, 0x11, 0x10, 0x10, 0x11, 0x10, 0x10, 0x11,
	0x0f, 0x0f, 0x11, 0x0f, 0x0f, 0x11, 0x0f, 0x0f, 0x11, 0x0f, 0x0f, 0x11, 0x0f, 0x0f, 0x11, 0x0f,
	0x0f, 0x11, 0x0f, 0x0f, 0x11, 0x0e, 0x0e, 0x10, 0x1a, 0x1a, 0x1c, 0x2f, 0x2f, 0x32, 0x2b, 0x2b,
	0x2e, 0x2b, 0x2b, 0x2e, 0x2b, 0x2b, 0x2e, 0x2b, 0x2b, 0x2e, 0x2b, 0x2b, 0x2e, 0x2b, 0x2b, 0x2e,
	0x2b, 0x2b, 0x2e, 0x2b, 0x2b, 0x2e, 0x2b, 0x2b, 0x2e, 0x2b, 0x2b, 0x2e, 0x2b, 0x2b, 0x2e, 0x2b,
	0x2b, 0x2e, 0x2b, 0x2b, 0x2e, 0x2b, 0x2b, 0x2e, 0x2d, 0x2c, 0x2f, 0x2d, 0x2c, 0x2d, 0x18, 0x15,
	0x12, 0x1b, 0x16, 0x10, 0x23, 0x1b, 0x11, 0x2d, 0x21, 0x10, 0x32, 0x24, 0x0f, 0xa8, 0x73, 0x27,
	0xff, 0xa3, 0x0e, 0xff, 0x99, 0x05, 0xff, 0x9a, 0x07, 0xff, 0x9a, 0x07, 0xff, 0x9a, 0x07, 0xff,
	0x9a, 0x07, 0xff, 0x9a, 0x07, 0xff, 0x9a, 0x07, 0xff, 0x9a, 0x07, 0xff, 0x9a, 0x07, 0xff, 0x9a,
	0x07, 0xff, 0x9a, 0x07, 0xff, 0x9a, 0x07, 0xff, 0x9a, 0x07, 0xff, 0x99, 0x05, 0xff, 0xa3, 0x0e,
	0xa8, 0x73, 0x27, 0x32, 0x24, 0x0f, 0x2d, 0x21, 0x10, 0x23, 0x1b, 0x11, 0x1b, 0x16, 0x10, 0x17,
	0x15, 0x12, 0x2b, 0x2b, 0x2d, 0x2c, 0x2c, 0x2f, 0x2b, 0x2b, 0x2e, 0x2b, 0x2b, 0x2e, 0x2b, 0x2b,
	0x2e, 0x2b, 0x2b, 0x2e, 0x2b, 0x2b, 0x2e, 0x2b, 0x2b, 0x2e, 0x2b, 0x2b, 0x2e, 0x2b, 0x2b, 0x2e,
	0x2b, 0x2b, 0x2e, 0x2b, 0x2b, 0x2e, 0x2b, 0x2b, 0x2e, 0x2b, 0x2b, 0x2e, 0x2b, 0x2b, 0x2e, 0x2b,
	0x2b, 0x2e, 0x2f, 0x2f, 0x32, 0x1a, 0x1a, 0x1c, 0x0e, 0x0e, 0x10, 0x0f, 0x0f, 0x11, 0x0f, 0x0f,
	0x11, 0x0f, 0x0f, 0x11, 0x0f, 0x0f, 0x11, 0x0f, 0x0f, 0x11, 0x0f, 0x0f, 0x11, 0x10, 0x10, 0x11,
	0x0f, 0x0f, 0x11, 0x0f, 0x0f, 0x11, 0x0f, 0x0f, 0x11, 0x0f, 0x0f, 0x11, 0x0f, 0x0f, 0x11, 0x0f,
	0x0f, 0x10, 0x0f, 0x0f, 0x11, 0x0f, 0x0f, 0x11, 0x0e, 0x0e, 0x10, 0x1f, 0x1f, 0x21, 0x2d, 0x2d,
	0x30, 0x2c, 0x2c, 0x2f, 0x2c, 0x2c, 0x2f, 0x2c, 0x2c, 0x2f, 0x2c, 0x2c, 0x2f, 0x2c, 0x2c, 0x2f,
	0x2c, 0x2c, 0x2f, 0x2c, 0x2c, 0x2f, 0x2c, 0x2c, 0x2f, 0x2c, 0x2c, 0x2f, 0x2c, 0x2c, 0x2f, 0x2c,
	0x2c, 0x2f, 0x2c, 0x2c, 0x2f, 0x2d, 0x2d, 0x30, 0x2b, 0x2a, 0x2d, 0x18, 0x17, 0x17, 0x14, 0x12,
	0x0f, 0x19, 0x15, 0x10, 0x1f, 0x19, 0x10, 0x27, 0x1e, 0x10, 0x2f, 0x22, 0x0f, 0x40, 0x2e, 0x13,
	0xb9, 0x7d, 0x26, 0xff, 0xa0, 0x13, 0xff, 0x9e, 0x09, 0xff, 0x9e, 0x08, 0xff, 0x9e, 0x08, 0xff,
	0x9d, 0x08, 0xff, 0x9e, 0x08, 0xff, 0x9d, 0x08, 0xff, 0x9d, 0x08, 0xff, 0x9e, 0x08, 0xff, 0x9d,
	0x08, 0xff, 0x9e, 0x08, 0xff, 0x9e, 0x08, 0xff, 0x9e, 0x09, 0xff, 0xa0, 0x13, 0xb9, 0x7d, 0x26,
	0x40, 0x2e, 0x14, 0x2f, 0x22, 0x0f, 0x27, 0x1e, 0x10, 0x1f, 0x19, 0x11, 0x19, 0x15, 0x10, 0x14,
	0x12, 0x0f, 0x17, 0x17, 0x17, 0x2a, 0x2a, 0x2d, 0x2d, 0x2d, 0x30, 0x2c, 0x2c, 0x2f, 0x2c, 0x2c,
	0x2f, 0x2c, 0x2c, 0x2f, 0x2c, 0x2c, 0x2f, 0x2c, 0x2c, 0x2f, 0x2c, 0x2c, 0x2f, 0x2c, 0x2c, 0x2f,
	0x2c, 0x2c, 0x2f, 0x2c, 0x2c, 0x2f, 0x2c, 0x2c, 0x2f, 0x2c, 0x2c, 0x2f, 0x2c, 0x2c, 0x30, 0x2d,
	0x2d, 0x30, 0x1f, 0x1f, 0x21, 0x0e, 0x0e, 0x10, 0x0f, 0x0f, 0x11, 0x0f, 0x0f, 0x11, 0x0f, 0x0f,
	0x11, 0x0f, 0x0f, 0x11, 0x0f, 0x0f, 0x11, 0x0f, 0x0f, 0x11, 0x0f, 0x0f, 0x11, 0x0f, 0x0f, 0x11,
	0x0f, 0x0f, 0x10, 0x0f, 0x0f, 0x10, 0x0f, 0x0f, 0x10, 0x0f, 0x0f, 0x10, 0x0f, 0x0f, 0x10, 0x0f,
	0x0f, 0x10, 0x0f, 0x0f, 0x10, 0x0f, 0x0f, 0x10, 0x0f, 0x0f, 0x10, 0x0e, 0x0e, 0x0f, 0x15, 0x15,
	0x16, 0x1e, 0x1e, 0x20, 0x20, 0x20, 0x22, 0x20, 0x20, 0x22, 0x20, 0x20, 0x22, 0x20, 0x20, 0x22,
	0x20, 0x20, 0x22, 0x20, 0x20, 0x22, 0x20, 0x20, 0x22, 0x20, 0x20, 0x22, 0x20, 0x20, 0x22, 0x20,
	0x20, 0x22, 0x20, 0x20, 0x22, 0x1b, 0x1b, 0x1d, 0x11, 0x11, 0x12, 0x10, 0x0f, 0x0f, 0x13, 0x11,
	0x10, 0x16, 0x13, 0x10, 0x1b, 0x16, 0x10, 0x21, 0x1a, 0x10, 0x29, 0x1e, 0x0f, 0x2f, 0x21, 0x0e,
	0x37, 0x27, 0x10, 0x6d, 0x4c, 0x1d, 0x97, 0x67, 0x21, 0x9e, 0x6b, 0x21, 0xa0, 0x6b, 0x21, 0xa1,
	0x6c, 0x21, 0xa2, 0x6d, 0x21, 0xa2, 0x6d, 0x21, 0xa2, 0x6d, 0x21, 0xa2, 0x6d, 0x21, 0xa1, 0x6c,
	0x21, 0xa0, 0x6c, 0x21, 0x9e, 0x6b, 0x21, 0x97, 0x67, 0x21, 0x6c, 0x4c, 0x1d, 0x37, 0x27, 0x11,
	0x2f, 0x22, 0x0e, 0x29, 0x1e, 0x0f, 0x21, 0x1a, 0x10, 0x1b, 0x16, 0x10, 0x16, 0x13, 0x10, 0x13,
	0x11, 0x10, 0x0f, 0x0f, 0x0f, 0x11, 0x11, 0x12, 0x1b, 0x1b, 0x1d, 0x20, 0x20, 0x22, 0x20, 0x20,
	0x22, 0x20, 0x20, 0x22, 0x20, 0x20, 0x22, 0x20, 0x20, 0x22, 0x20, 0x20, 0x22, 0x20, 0x20, 0x22,
	0x20, 0x20, 0x22, 0x20, 0x20, 0x22, 0x20, 0x20, 0x22, 0x20, 0x20, 0x22, 0x1e, 0x1e, 0x20, 0x15,
	0x15, 0x16, 0x0e, 0x0e, 0x0f, 0x0f, 0x0f, 0x10, 0x0f, 0x0f, 0x10, 0x0f, 0x0f, 0x10, 0x0f, 0x0f,
	0x10, 0x0f, 0x0f, 0x10, 0x0f, 0x0f, 0x10, 0x0f, 0x0f, 0x10, 0x0f, 0x0f, 0x10, 0x0f, 0x0f, 0x10,
	0x0e, 0x0e, 0x10, 0x0f, 0x0f, 0x10, 0x0f, 0x0f, 0x10, 0x0e, 0x0e, 0x10, 0x0f, 0x0f, 0x10, 0x0f,
	0x0f, 0x10, 0x0f, 0x0f, 0x10, 0x0f, 0x0f, 0x10, 0x0f, 0x0f, 0x10, 0x0f, 0x0f, 0x10, 0x0e, 0x0e,
	0x0f, 0x0d, 0x0d, 0x0e, 0x0d, 0x0d, 0x0e, 0x0d, 0x0d, 0x0e, 0x0d, 0x0d, 0x0e, 0x0d, 0x0d, 0x0e,
	0x0d, 0x0d, 0x0e, 0x0d, 0x0d, 0x0e, 0x0d, 0x0d, 0x0e, 0x0d, 0x0d, 0x0e, 0x0d, 0x0d, 0x0e, 0x0d,
	0x0d, 0x0e, 0x0d, 0x0d, 0x0e, 0x0d, 0x0d, 0x0f, 0x0f, 0x0e, 0x10, 0x10, 0x0f, 0x10, 0x11, 0x10,
	0x10, 0x14, 0x12, 0x10, 0x17, 0x14, 0x0f, 0x1c, 0x16, 0x10, 0x22, 0x1a, 0x10, 0x28, 0x1e, 0x0f,
	0x2d, 0x21, 0x0f, 0x2f, 0x21, 0x0e, 0x31, 0x23, 0x0e, 0x35, 0x25, 0x0e, 0x39, 0x27, 0x0d, 0x3b,
	0x29, 0x0d, 0x3c, 0x2a, 0x0d, 0x3d, 0x2a, 0x0d, 0x3d, 0x2a, 0x0d, 0x3c, 0x2a, 0x0d, 0x3b, 0x29,
	0x0d, 0x39, 0x27, 0x0d, 0x35, 0x25, 0x0d, 0x31, 0x23, 0x0e, 0x2f, 0x21, 0x0e, 0x2d, 0x21, 0x0f,
	0x28, 0x1e, 0x0f, 0x22, 0x1a, 0x10, 0x1c, 0x16, 0x10, 0x17, 0x14, 0x0f, 0x14, 0x12, 0x10, 0x11,
	0x10, 0x10, 0x10, 0x0f, 0x10, 0x0f, 0x0e, 0x10, 0x0d, 0x0d, 0x0f, 0x0d, 0x0d, 0x0e, 0x0d, 0x0d,
	0x0e, 0x0d, 0x0d, 0x0e, 0x0d, 0x0d, 0x0e, 0x0d, 0x0d, 0x0e, 0x0d, 0x0d, 0x0e, 0x0d, 0x0d, 0x0e,
	0x0d, 0x0d, 0x0e, 0x0d, 0x0d, 0x0e, 0x0d, 0x0d, 0x0e, 0x0d, 0x0d, 0x0e, 0x0d, 0x0d, 0x0e, 0x0e,
	0x0e, 0x0f, 0x0e, 0x0e, 0x10, 0x0f, 0x0f, 0x10, 0x0e, 0x0e, 0x10, 0x0f, 0x0f, 0x10, 0x0f, 0x0f,
	0x10, 0x0e, 0x0e, 0x10, 0x0f, 0x0f, 0x10, 0x0e, 0x0e, 0x10, 0x0f, 0x0f, 0x10, 0x0f, 0x0f, 0x10,
	0x0e, 0x0e, 0x10, 0x0e, 0x0e, 0x10, 0x0e, 0x0e, 0x10, 0x0e, 0x0e, 0x10, 0x0e, 0x0e, 0x10, 0x0e,
	0x0e, 0x10, 0x0e, 0x0e, 0x10, 0x0e, 0x0e, 0x10, 0x0e, 0x0e, 0x10, 0x0e, 0x0e, 0x10, 0x0e, 0x0e,
	0x10, 0x0e, 0x0e, 0x10, 0x0e, 0x0e, 0x10, 0x0e, 0x0e, 0x10, 0x0e, 0x0e, 0x10, 0x0e, 0x0e, 0x10,
	0x0e, 0x0e, 0x10, 0x0e, 0x0e, 0x10, 0x0e, 0x0e, 0x10, 0x0e, 0x0e, 0x10, 0x0e, 0x0e, 0x10, 0x0e,
	0x0e, 0x10, 0x0e, 0x0e, 0x10, 0x0e, 0x0e, 0x10, 0x0e, 0x0e, 0x10, 0x0f, 0x0f, 0x10, 0x10, 0x0f,
	0x10, 0x12, 0x10, 0x10, 0x14, 0x12, 0x10, 0x17, 0x14, 0x0f, 0x1b, 0x16, 0x0f, 0x1f, 0x19, 0x10,
	0x24, 0x1b, 0x0f, 0x28, 0x1e, 0x0f, 0x2c, 0x20, 0x0f, 0x2f, 0x22, 0x0f, 0x31, 0x23, 0x0f, 0x33,
	0x24, 0x0f, 0x34, 0x25, 0x0f, 0x34, 0x25, 0x0f, 0x34, 0x25, 0x0f, 0x34, 0x25, 0x0f, 0x33, 0x24,
	0x0f, 0x31, 0x23, 0x0f, 0x2f, 0x22, 0x0f, 0x2c, 0x20, 0x0f, 0x28, 0x1e, 0x0f, 0x24, 0x1b, 0x0f,
	0x1f, 0x19, 0x10, 0x1b, 0x16, 0x0f, 0x17, 0x14, 0x0f, 0x14, 0x12, 0x10, 0x12, 0x11, 0x10, 0x10,
	0x0f, 0x10, 0x0f, 0x0f, 0x10, 0x0e, 0x0e, 0x10, 0x0e, 0x0e, 0x10, 0x0e, 0x0e, 0x10, 0x0e, 0x0e,
	0x10, 0x0e, 0x0e, 0x10, 0x0e, 0x0e, 0x10, 0x0e, 0x0e, 0x10, 0x0e, 0x0e, 0x10, 0x0e, 0x0e, 0x10,
	0x0e, 0x0e, 0x10, 0x0e, 0x0e, 0x10, 0x0e, 0x0e, 0x10, 0x0e, 0x0e, 0x10, 0x0e, 0x0e, 0x10, 0x0e,
	0x0e, 0x10, 0x0e, 0x0e, 0x10, 0x0e, 0x0e, 0x10, 0x0e, 0x0e, 0x10, 0x0e, 0x0e, 0x10, 0x0e, 0x0e,
	0x10, 0x0e, 0x0e, 0x10, 0x0e, 0x0e, 0x10, 0x0e, 0x0e, 0x10, 0x0e, 0x0e, 0x10, 0x0e, 0x0e, 0x10,
	0x0d, 0x0d, 0x0e, 0x0e, 0x0e, 0x0f, 0x0e, 0x0e, 0x0f, 0x0e, 0x0e, 0x0f, 0x0e, 0x0e, 0x0f, 0x0e,
	0x0e, 0x0f, 0x0e, 0x0e, 0x0f, 0x0e, 0x0e, 0x0f, 0x0e, 0x0e, 0x0f, 0x0e, 0x0e, 0x0f, 0x0e, 0x0e,
	0x0f, 0x0e, 0x0e, 0x0f, 0x0e, 0x0e, 0x0f, 0x0e, 0x0e, 0x0f, 0x0e, 0x0e, 0x0f, 0x0e, 0x0e, 0x0f,
	0x0e, 0x0e, 0x0f, 0x0e, 0x0e, 0x10, 0x0e, 0x0e, 0x0f, 0x0e, 0x0e, 0x0f, 0x0e, 0x0e, 0x0f, 0x0e,
	0x0e, 0x0f, 0x0e, 0x0e, 0x10, 0x0e, 0x0e, 0x0f, 0x0e, 0x0e, 0x0f, 0x0f, 0x0e, 0x0f, 0x0f, 0x0f,
	0x0f, 0x10, 0x0f, 0x10, 0x12, 0x10, 0x0f, 0x14, 0x12, 0x0f, 0x16, 0x13, 0x0f, 0x19, 0x14, 0x0f,
	0x1c, 0x16, 0x0f, 0x1f, 0x18, 0x0f, 0x21, 0x1a, 0x0f, 0x23, 0x1b, 0x0f, 0x25, 0x1c, 0x0f, 0x26,
	0x1c, 0x0f, 0x27, 0x1d, 0x0f, 0x27, 0x1d, 0x0f, 0x27, 0x1d, 0x0f, 0x27, 0x1d, 0x0f, 0x26, 0x1c,
	0x0f, 0x25, 0x1c, 0x0f, 0x23, 0x1b, 0x0f, 0x21, 0x1a, 0x0f, 0x1f, 0x18, 0x0f, 0x1c, 0x16, 0x0f,
	0x19, 0x14, 0x0f, 0x16, 0x13, 0x0f, 0x14, 0x12, 0x0f, 0x12, 0x10, 0x10, 0x10, 0x0f, 0x0f, 0x0f,
	0x0f, 0x0f, 0x0f, 0x0e, 0x0f, 0x0e, 0x0e, 0x0f, 0x0e, 0x0e, 0x0f, 0x0e, 0x0e, 0x0f, 0x0e, 0x0e,
	0x0f, 0x0e, 0x0e, 0x0f, 0x0e, 0x0e, 0x0f, 0x0e, 0x0e, 0x0f, 0x0e, 0x0e, 0x0f, 0x0e, 0x0e, 0x0f,
	0x0e, 0x0e, 0x0f, 0x0e, 0x0e, 0x0f, 0x0e, 0x0e, 0x0f, 0x0e, 0x0e, 0x0f, 0x0e, 0x0e, 0x0f, 0x0e,
	0x0e, 0x0f, 0x0e, 0x0e, 0x0f, 0x0e, 0x0e, 0x10, 0x0e, 0x0e, 0x0f, 0x0e, 0x0e, 0x0f, 0x0e, 0x0e,
	0x0f, 0x0e, 0x0e, 0x0f, 0x0e, 0x0e, 0x10, 0x0e, 0x0e, 0x0f, 0x0e, 0x0e, 0x0f, 0x0d, 0x0d, 0x0f,
	0x0b, 0x0b, 0x0c, 0x0e, 0x0e, 0x0f, 0x0e, 0x0e, 0x0f, 0x0e, 0x0e, 0x0f, 0x0e, 0x0e, 0x0f, 0x0e,
	0x0e, 0x0f, 0x0e, 0x0e, 0x0f, 0x0e, 0x0e, 0x0f, 0x0e, 0x0e, 0x0f, 0x0e, 0x0e, 0x0f, 0x0e, 0x0e,
	0x0f, 0x0e, 0x0e, 0x0f, 0x0e, 0x0e, 0x0f, 0x0e, 0x0e, 0x0f, 0x0e, 0x0e, 0x0f, 0x0e, 0x0e, 0x0f,
	0x0e, 0x0e, 0x0f, 0x0e, 0x0e, 0x0f, 0x0e, 0x0e, 0x0f, 0x0e, 0x0e, 0x0f, 0x0e, 0x0e, 0x0f, 0x0e,
	0x0e, 0x0f, 0x0e, 0x0e, 0x0f, 0x0e, 0x0e, 0x0f, 0x0e, 0x0e, 0x0f, 0x0e, 0x0e, 0x0f, 0x0f, 0x0e,
	0x0f, 0x0f, 0x0e, 0x0f, 0x10, 0x0f, 0x0f, 0x11, 0x10, 0x0f, 0x13, 0x11, 0x0f, 0x14, 0x12, 0x0f,
	0x16, 0x13, 0x0f, 0x17, 0x13, 0x0f, 0x19, 0x14, 0x0f, 0x1a, 0x15, 0x0f, 0x1b, 0x16, 0x0f, 0x1c,
	0x16, 0x0f, 0x1c, 0x16, 0x0f, 0x1d, 0x17, 0x0f, 0x1d, 0x17, 0x0f, 0x1c, 0x17, 0x0f, 0x1c, 0x16,
	0x0f, 0x1b, 0x16, 0x0f, 0x1a, 0x15, 0x0f, 0x19, 0x14, 0x0f, 0x17, 0x13, 0x0f, 0x16, 0x13, 0x0f,
	0x14, 0x12, 0x0f, 0x13, 0x11, 0x0f, 0x11, 0x10, 0x0f, 0x10, 0x0f, 0x0f, 0x0f, 0x0f, 0x0f, 0x0f,
	0x0e, 0x0f, 0x0e, 0x0e, 0x0f, 0x0e, 0x0e, 0x0f, 0x0e, 0x0e, 0x0f, 0x0e, 0x0e, 0x0f, 0x0e, 0x0e,
	0x0f, 0x0e, 0x0e, 0x0f, 0x0e, 0x0e, 0x0f, 0x0e, 0x0e, 0x0f, 0x0e, 0x0e, 0x0f, 0x0e, 0x0e, 0x0f,
	0x0e, 0x0e, 0x0f, 0x0e, 0x0e, 0x0f, 0x0e, 0x0e, 0x0f, 0x0e, 0x0e, 0x0f, 0x0e, 0x0e, 0x0f, 0x0e,
	0x0e, 0x0f, 0x0e, 0x0e, 0x0f, 0x0e, 0x0e, 0x0f, 0x0e, 0x0e, 0x0f, 0x0e, 0x0e, 0x0f, 0x0e, 0x0e,
	0x0f, 0x0e, 0x0e, 0x0f, 0x0e, 0x0e, 0x0f, 0x0e, 0x0e, 0x0f, 0x0e, 0x0e, 0x0f, 0x0b, 0x0b, 0x0c,
	0x08, 0x08, 0x0a, 0x0e, 0x0e, 0x0f, 0x0e, 0x0e, 0x0f, 0x0d, 0x0d, 0x0f, 0x0e, 0x0e, 0x0f, 0x0e,
	0x0e, 0x0f, 0x0e, 0x0e, 0x0f, 0x0e, 0x0e, 0x0f, 0x0d, 0x0d, 0x0f, 0x0e, 0x0e, 0x0f, 0x0e, 0x0e,
	0x0f, 0x0e, 0x0e, 0x0f, 0x0e, 0x0e, 0x0f, 0x0d, 0x0d, 0x0f, 0x0e, 0x0e, 0x0f, 0x0e, 0x0e, 0x0f,
	0x0e, 0x0e, 0x0f, 0x0e, 0x0e, 0x0f, 0x0d, 0x0d, 0x0f, 0x0e, 0x0e, 0x0f, 0x0e, 0x0e, 0x0f, 0x0e,
	0x0e, 0x0f, 0x0e, 0x0e, 0x0f, 0x0d, 0x0d, 0x0f, 0x0e, 0x0e, 0x0f, 0x0e, 0x0e, 0x0f, 0x0e, 0x0e,
	0x0f, 0x0e, 0x0e, 0x0f, 0x0f, 0x0e, 0x0f, 0x0f, 0x0f, 0x0f, 0x10, 0x0f, 0x0f, 0x10, 0x0f, 0x0f,
	0x12, 0x10, 0x0f, 0x12, 0x10, 0x0f, 0x13, 0x11, 0x0f, 0x14, 0x11, 0x0f, 0x15, 0x12, 0x0f, 0x15,
	0x12, 0x0f, 0x15, 0x12, 0x0f, 0x15, 0x12, 0x0f, 0x15, 0x12, 0x0f, 0x15, 0x12, 0x0f, 0x15, 0x12,
	0x0f, 0x14, 0x12, 0x0f, 0x14, 0x11, 0x0f, 0x13, 0x11, 0x0f, 0x13, 0x11, 0x0f, 0x12, 0x10, 0x0f,
	0x10, 0x0f, 0x0f, 0x10, 0x0f, 0x0f, 0x0f, 0x0e, 0x0f, 0x0f, 0x0e, 0x0f, 0x0e, 0x0e, 0x0f, 0x0e,
	0x0e, 0x0f, 0x0e, 0x0e, 0x0f, 0x0e, 0x0e, 0x0f, 0x0e, 0x0e, 0x0f, 0x0e, 0x0e, 0x0f, 0x0d, 0x0d,
	0x0f, 0x0e, 0x0e, 0x0f, 0x0e, 0x0e, 0x0f, 0x0e, 0x0e, 0x0f, 0x0e, 0x0e, 0x0f, 0x0e, 0x0e, 0x0f,
	0x0e, 0x0e, 0x0f, 0x0e, 0x0e, 0x0f, 0x0e, 0x0e, 0x0f, 0x0d, 0x0d, 0x0f, 0x0e, 0x0e, 0x0f, 0x0e,
	0x0e, 0x0f, 0x0e, 0x0e, 0x0f, 0x0e, 0x0e, 0x0f, 0x0d, 0x0d, 0x0f, 0x0e, 0x0e, 0x0f, 0x0e, 0x0e,
	0x0f, 0x0e, 0x0e, 0x0f, 0x0e, 0x0e, 0x0f, 0x0d, 0x0d, 0x0f, 0x0e, 0x0e, 0x0f, 0x09, 0x09, 0x0a,
	0x05, 0x05, 0x06, 0x0d, 0x0d, 0x0f, 0x0d, 0x0d, 0x0f, 0x0d, 0x0d, 0x0f, 0x0d, 0x0d, 0x0f, 0x0d,
	0x0d, 0x0f, 0x0d, 0x0d, 0x0f, 0x0d, 0x0d, 0x0f, 0x0d, 0x0d, 0x0f, 0x0d, 0x0d, 0x0f, 0x0d, 0x0d,
	0x0f, 0x0d, 0x0d, 0x0f, 0x0d, 0x0d, 0x0f, 0x0d, 0x0d, 0x0f, 0x0d, 0x0d, 0x0f, 0x0d, 0x0d, 0x0f,
	0x0d, 0x0d, 0x0f, 0x0d, 0x0d, 0x0f, 0x0d, 0x0d, 0x0f, 0x0d, 0x0d, 0x0f, 0x0d, 0x0d, 0x0f, 0x0d,
	0x0d, 0x0f, 0x0d, 0x0d, 0x0f, 0x0d, 0x0d, 0x0f, 0x0d, 0x0d, 0x0f, 0x0d, 0x0d, 0x0f, 0x0d, 0x0d,
	0x0f, 0x0d, 0x0d, 0x0f, 0x0e, 0x0d, 0x0f, 0x0e, 0x0d, 0x0f, 0x0e, 0x0d, 0x0f, 0x0e, 0x0e, 0x0f,
	0x0e, 0x0e, 0x0f, 0x0f, 0x0e, 0x0f, 0x0f, 0x0e, 0x0f, 0x10, 0x0f, 0x0f, 0x10, 0x0f, 0x0f, 0x10,
	0x0f, 0x0f, 0x10, 0x0f, 0x0f, 0x10, 0x0f, 0x0f, 0x10, 0x0f, 0x0f, 0x10, 0x0f, 0x0f, 0x10, 0x0f,
	0x0f, 0x10, 0x0f, 0x0f, 0x0f, 0x0e, 0x0f, 0x0f, 0x0e, 0x0f, 0x0f, 0x0e, 0x0f, 0x0e, 0x0e, 0x0f,
	0x0e, 0x0e, 0x0f, 0x0e, 0x0d, 0x0f, 0x0e, 0x0d, 0x0f, 0x0e, 0x0d, 0x0f, 0x0d, 0x0d, 0x0f, 0x0d,
	0x0d, 0x0f, 0x0d, 0x0d, 0x0f, 0x0d, 0x0d, 0x0f, 0x0d, 0x0d, 0x0f, 0x0d, 0x0d, 0x0f, 0x0d, 0x0d,
	0x0f, 0x0d, 0x0d, 0x0f, 0x0d, 0x0d, 0x0f, 0x0d, 0x0d, 0x0f, 0x0d, 0x0d, 0x0f, 0x0d, 0x0d, 0x0f,
	0x0d, 0x0d, 0x0f, 0x0d, 0x0d, 0x0f, 0x0d, 0x0d, 0x0f, 0x0d, 0x0d, 0x0f, 0x0d, 0x0d, 0x0f, 0x0d,
	0x0d, 0x0f, 0x0d, 0x0d, 0x0f, 0x0d, 0x0d, 0x0f, 0x0d, 0x0d, 0x0f, 0x0d, 0x0d, 0x0f, 0x0d, 0x0d,
	0x0f, 0x0d, 0x0d, 0x0f, 0x0d, 0x0d, 0x0f, 0x0d, 0x0d, 0x0f, 0x0d, 0x0d, 0x0f, 0x05, 0x05, 0x06,
	0x02, 0x02, 0x02, 0x0d, 0x0d, 0x0e, 0x0d, 0x0d, 0x0e, 0x0d, 0x0d, 0x0e, 0x0d, 0x0d, 0x0e, 0x0d,
	0x0d, 0x0e, 0x0d, 0x0d, 0x0e, 0x0d, 0x0d, 0x0e, 0x0d, 0x0d, 0x0e, 0x0d, 0x0d, 0x0e, 0x0d, 0x0d,
	0x0e, 0x0d, 0x0d, 0x0e, 0x0d, 0x0d, 0x0e, 0x0d, 0x0d, 0x0e, 0x0d, 0x0d, 0x0e, 0x0d, 0x0d, 0x0e,
	0x0d, 0x0d, 0x0e, 0x0d, 0x0d, 0x0e, 0x0d, 0x0d, 0x0e, 0x0d, 0x0d, 0x0e, 0x0d, 0x0d, 0x0e, 0x0d,
	0x0d, 0x0e, 0x0d, 0x0d, 0x0e, 0x0d, 0x0d, 0x0e, 0x0d, 0x0d, 0x0e, 0x0d, 0x0d, 0x0e, 0x0d, 0x0d,
	0x0e, 0x0d, 0x0d, 0x0e, 0x0d, 0x0d, 0x0e, 0x0d, 0x0d, 0x0e, 0x0d, 0x0d, 0x0e, 0x0d, 0x0d, 0x0e,
	0x0d, 0x0d, 0x0e, 0x0d, 0x0d, 0x0e, 0x0d, 0x0d, 0x0e, 0x0d, 0x0d, 0x0e, 0x0d, 0x0d, 0x0e, 0x0d,
	0x0d, 0x0e, 0x0d, 0x0d, 0x0e, 0x0d, 0x0d, 0x0e, 0x0d, 0x0d, 0x0e, 0x0d, 0x0d, 0x0e, 0x0d, 0x0d,
	0x0e, 0x0d, 0x0d, 0x0e, 0x0d, 0x0d, 0x0e, 0x0d, 0x0d, 0x0e, 0x0d, 0x0d, 0x0e, 0x0d, 0x0d, 0x0e,
	0x0d, 0x0d, 0x0e, 0x0d, 0x0d, 0x0e, 0x0d, 0x0d, 0x0e, 0x0d, 0x0d, 0x0e, 0x0d, 0x0d, 0x0e, 0x0d,
	0x0d, 0x0e, 0x0d, 0x0d, 0x0e, 0x0d, 0x0d, 0x0e, 0x0d, 0x0d, 0x0e, 0x0d, 0x0d, 0x0e, 0x0d, 0x0d,
	0x0e, 0x0d, 0x0d, 0x0e, 0x0d, 0x0d, 0x0e, 0x0d, 0x0d, 0x0e, 0x0d, 0x0d, 0x0e, 0x0d, 0x0d, 0x0e,
	0x0d, 0x0d, 0x0e, 0x0d, 0x0d, 0x0e, 0x0d, 0x0d, 0x0e, 0x0d, 0x0d, 0x0e, 0x0d, 0x0d, 0x0e, 0x0d,
	0x0d, 0x0e, 0x0d, 0x0d, 0x0e, 0x0d, 0x0d, 0x0e, 0x0d, 0x0d, 0x0e, 0x0d, 0x0d, 0x0e, 0x0d, 0x0d,
	0x0e, 0x0d, 0x0d, 0x0e, 0x0d, 0x0d, 0x0e, 0x0d, 0x0d, 0x0e, 0x0d, 0x0d, 0x0e, 0x02, 0x02, 0x02,
	0x00, 0x00, 0x00, 0x0a, 0x0a, 0x0b, 0x0d, 0x0d, 0x0e, 0x0d, 0x0d, 0x0e, 0x0d, 0x0d, 0x0e, 0x0d,
	0x0d, 0x0e, 0x0d, 0x0d, 0x0e, 0x0d, 0x0d, 0x0e, 0x0d, 0x0d, 0x0e, 0x0d, 0x0d, 0x0e, 0x0d, 0x0d,
	0x0e, 0x0d, 0x0d, 0x0e, 0x0d, 0x0d, 0x0e, 0x0d, 0x0d, 0x0e, 0x0d, 0x0d, 0x0e, 0x0d, 0x0d, 0x0e,
	0x0d, 0x0d, 0x0e, 0x0d, 0x0d, 0x0e, 0x0d, 0x0d, 0x0e, 0x0d, 0x0d, 0x0e, 0x0d, 0x0d, 0x0e, 0x0d,
	0x0d, 0x0e, 0x0d, 0x0d, 0x0e, 0x0d, 0x0d, 0x0e, 0x0d, 0x0d, 0x0e, 0x0d, 0x0d, 0x0e, 0x0d, 0x0d,
	0x0e, 0x0d, 0x0d, 0x0e, 0x0d, 0x0d, 0x0e, 0x0d, 0x0d, 0x0e, 0x0d, 0x0d, 0x0e, 0x0d, 0x0d, 0x0e,
	0x0d, 0x0d, 0x0e, 0x0d, 0x0d, 0x0e, 0x0d, 0x0d, 0x0e, 0x0d, 0x0d, 0x0e, 0x0d, 0x0d, 0x0e, 0x0d,
	0x0d, 0x0e, 0x0d, 0x0d, 0x0e, 0x0d, 0x0d, 0x0e, 0x0d, 0x0d, 0x0e, 0x0d, 0x0d, 0x0e, 0x0d, 0x0d,
	0x0e, 0x0d, 0x0d, 0x0e, 0x0d, 0x0d, 0x0e, 0x0d, 0x0d, 0x0e, 0x0d, 0x0d, 0x0e, 0x0d, 0x0d, 0x0e,
	0x0d, 0x0d, 0x0e, 0x0d, 0x0d, 0x0e, 0x0d, 0x0d, 0x0e, 0x0d, 0x0d, 0x0e, 0x0d, 0x0d, 0x0e, 0x0d,
	0x0d, 0x0e, 0x0d, 0x0d, 0x0e, 0x0d, 0x0d, 0x0e, 0x0d, 0x0d, 0x0e, 0x0d, 0x0d, 0x0e, 0x0d, 0x0d,
	0x0e, 0x0d, 0x0d, 0x0e, 0x0d, 0x0d, 0x0e, 0x0d, 0x0d, 0x0e, 0x0d, 0x0d, 0x0e, 0x0d, 0x0d, 0x0e,
	0x0d, 0x0d, 0x0e, 0x0d, 0x0d, 0x0e, 0x0d, 0x0d, 0x0e, 0x0d, 0x0d, 0x0e, 0x0d, 0x0d, 0x0e, 0x0d,
	0x0d, 0x0e, 0x0d, 0x0d, 0x0e, 0x0d, 0x0d, 0x0e, 0x0d, 0x0d, 0x0e, 0x0d, 0x0d, 0x0e, 0x0d, 0x0d,
	0x0e, 0x0d, 0x0d, 0x0e, 0x0d, 0x0d, 0x0e, 0x0d, 0x0d, 0x0e, 0x0a, 0x0a, 0x0b, 0x00, 0x00, 0x00,
	0x00, 0x00, 0x00, 0x05, 0x05, 0x05, 0x0d, 0x0d, 0x0e, 0x0d, 0x0d, 0x0e, 0x0d, 0x0d, 0x0e, 0x0c,
	0x0c, 0x0e, 0x0d, 0x0d, 0x0e, 0x0d, 0x0d, 0x0e, 0x0d, 0x0d, 0x0e, 0x0d, 0x0d, 0x0e, 0x0c, 0x0c,
	0x0e, 0x0d, 0x0d, 0x0e, 0x0d, 0x0d, 0x0e, 0x0d, 0x0d, 0x0e, 0x0d, 0x0d, 0x0e, 0x0c, 0x0c, 0x0e,
	0x0d, 0x0d, 0x0e, 0x0d, 0x0d, 0x0e, 0x0d, 0x0d, 0x0e, 0x0d, 0x0d, 0x0e, 0x0d, 0x0d, 0x0e, 0x0d,
	0x0d, 0x0e, 0x0d, 0x0d, 0x0e, 0x0d, 0x0d, 0x0e, 0x0d, 0x0d, 0x0e, 0x0d, 0x0d, 0x0e, 0x0d, 0x0d,
	0x0e, 0x0d, 0x0d, 0x0e, 0x0d, 0x0d, 0x0e, 0x0d, 0x0d, 0x0e, 0x0d, 0x0d, 0x0e, 0x0d, 0x0d, 0x0e,
	0x0d, 0x0d, 0x0e, 0x0d, 0x0d, 0x0e, 0x0d, 0x0d, 0x0e, 0x0d, 0x0d, 0x0e, 0x0c, 0x0c, 0x0e, 0x0d,
	0x0d, 0x0e, 0x0d, 0x0d, 0x0e, 0x0d, 0x0d, 0x0e, 0x0d, 0x0d, 0x0e, 0x0d, 0x0d, 0x0e, 0x0d, 0x0d,
	0x0e, 0x0d, 0x0d, 0x0e, 0x0d, 0x0d, 0x0e, 0x0d, 0x0d, 0x0e, 0x0d, 0x0d, 0x0e, 0x0d, 0x0d, 0x0e,
	0x0d, 0x0d, 0x0e, 0x0d, 0x0d, 0x0e, 0x0d, 0x0d, 0x0e, 0x0d, 0x0d, 0x0e, 0x0d, 0x0d, 0x0e, 0x0d,
	0x0d, 0x0e, 0x0d, 0x0d, 0x0e, 0x0d, 0x0d, 0x0e, 0x0d, 0x0d, 0x0e, 0x0d, 0x0d, 0x0e, 0x0c, 0x0c,
	0x0e, 0x0d, 0x0d, 0x0e, 0x0d, 0x0d, 0x0e, 0x0d, 0x0d, 0x0e, 0x0d, 0x0d, 0x0e, 0x0d, 0x0d, 0x0e,
	0x0d, 0x0d, 0x0e, 0x0d, 0x0d, 0x0e, 0x0d, 0x0d, 0x0e, 0x0c, 0x0c, 0x0e, 0x0d, 0x0d, 0x0e, 0x0d,
	0x0d, 0x0e, 0x0d, 0x0d, 0x0e, 0x0d, 0x0d, 0x0e, 0x0d, 0x0d, 0x0e, 0x0d, 0x0d, 0x0e, 0x0d, 0x0d,
	0x0e, 0x0d, 0x0d, 0x0e, 0x0d, 0x0d, 0x0e, 0x0d, 0x0d, 0x0e, 0x04, 0x04, 0x05, 0x00, 0x00, 0x00,
	0x00, 0x00, 0x00, 0x00, 0x00, 0x00, 0x0a, 0x0a, 0x0c, 0x0c, 0x0c, 0x0d, 0x0c, 0x0c, 0x0e, 0x0c,
	0x0c, 0x0e, 0x0c, 0x0c, 0x0e, 0x0c, 0x0c, 0x0e, 0x0c, 0x0c, 0x0d, 0x0c, 0x0c, 0x0e, 0x0c, 0x0c,
	0x0e, 0x0c, 0x0c, 0x0d, 0x0c, 0x0c, 0x0e, 0x0c, 0x0c, 0x0d, 0x0c, 0x0c, 0x0e, 0x0c, 0x0c, 0x0e,
	0x0c, 0x0c, 0x0d, 0x0c, 0x0c, 0x0e, 0x0c, 0x0c, 0x0d, 0x0c, 0x0c, 0x0e, 0x0c, 0x0c, 0x0e, 0x0c,
	0x0c, 0x0e, 0x0c, 0x0c, 0x0e, 0x0c, 0x0c, 0x0d, 0x0c, 0x0c, 0x0e, 0x0c, 0x0c, 0x0d, 0x0c, 0x0c,
	0x0e, 0x0c, 0x0c, 0x0e, 0x0c, 0x0c, 0x0d, 0x0c, 0x0c, 0x0e, 0x0c, 0x0c, 0x0d, 0x0c, 0x0c, 0x0e,
	0x0c, 0x0c, 0x0e, 0x0c, 0x0c, 0x0d, 0x0c, 0x0c, 0x0e, 0x0c, 0x0c, 0x0d, 0x0c, 0x0c, 0x0e, 0x0c,
	0x0c, 0x0e, 0x0c, 0x0c, 0x0d, 0x0c, 0x0c, 0x0e, 0x0c, 0x0c, 0x0d, 0x0c, 0x0c, 0x0e, 0x0c, 0x0c,
	0x0e, 0x0c, 0x0c, 0x0e, 0x0c, 0x0c, 0x0e, 0x0c, 0x0c, 0x0e, 0x0c, 0x0c, 0x0e, 0x0c, 0x0c, 0x0e,
	0x0c, 0x0c, 0x0e, 0x0c, 0x0c, 0x0e, 0x0c, 0x0c, 0x0e, 0x0c, 0x0c, 0x0e, 0x0c, 0x0c, 0x0e, 0x0c,
	0x0c, 0x0e, 0x0c, 0x0c, 0x0e, 0x0c, 0x0c, 0x0e, 0x0c, 0x0c, 0x0e, 0x0c, 0x0c, 0x0e, 0x0c, 0x0c,
	0x0e, 0x0c, 0x0c, 0x0e, 0x0c, 0x0c, 0x0e, 0x0c, 0x0c, 0x0e, 0x0c, 0x0c, 0x0e, 0x0c, 0x0c, 0x0e,
	0x0c, 0x0c, 0x0e, 0x0c, 0x0c, 0x0d, 0x0c, 0x0c, 0x0e, 0x0c, 0x0c, 0x0d, 0x0c, 0x0c, 0x0e, 0x0c,
	0x0c, 0x0e, 0x0c, 0x0c, 0x0d, 0x0c, 0x0c, 0x0e, 0x0c, 0x0c, 0x0d, 0x0c, 0x0c, 0x0e, 0x0c, 0x0c,
	0x0e, 0x0c, 0x0c, 0x0d, 0x0c, 0x0c, 0x0e, 0x0a, 0x0a, 0x0b, 0x00, 0x00, 0x00, 0x00, 0x00, 0x00,
	0x00, 0x00, 0x00, 0x00, 0x00, 0x00, 0x03, 0x03, 0x03, 0x0c, 0x0c, 0x0d, 0x0c, 0x0c, 0x0d, 0x0c,
	0x0c, 0x0d, 0x0c, 0x0c, 0x0d, 0x0c, 0x0c, 0x0d, 0x0c, 0x0c, 0x0d, 0x0c, 0x0c, 0x0d, 0x0c, 0x0c,
	0x0d, 0x0c, 0x0c, 0x0d, 0x0c, 0x0c, 0x0d, 0x0c, 0x0c, 0x0d, 0x0c, 0x0c, 0x0d, 0x0c, 0x0c, 0x0d,
	0x0c, 0x0c, 0x0d, 0x0c, 0x0c, 0x0d, 0x0c, 0x0c, 0x0d, 0x0c, 0x0c, 0x0d, 0x0c, 0x0c, 0x0d, 0x0c,
	0x0c, 0x0d, 0x0c, 0x0c, 0x0d, 0x0c, 0x0c, 0x0d, 0x0c, 0x0c, 0x0d, 0x0c, 0x0c, 0x0d, 0x0c, 0x0c,
	0x0d, 0x0c, 0x0c, 0x0d, 0x0c, 0x0c, 0x0d, 0x0c, 0x0c, 0x0d, 0x0c, 0x0c, 0x0d, 0x0c, 0x0c, 0x0d,
	0x0c, 0x0c, 0x0d, 0x0c, 0x0c, 0x0d, 0x0c, 0x0c, 0x0d, 0x0c, 0x0c, 0x0d, 0x0c, 0x0c, 0x0d, 0x0c,
	0x0c, 0x0d, 0x0c, 0x0c, 0x0d, 0x0c, 0x0c, 0x0d, 0x0c, 0x0c, 0x0d, 0x0c, 0x0c, 0x0d, 0x0c, 0x0c,
	0x0d, 0x0c, 0x0c, 0x0d, 0x0c, 0x0c, 0x0d, 0x0c, 0x0c, 0x0d, 0x0c, 0x0c, 0x0d, 0x0c, 0x0c, 0x0d,
	0x0c, 0x0c, 0x0d, 0x0c, 0x0c, 0x0d, 0x0c, 0x0c, 0x0d, 0x0c, 0x0c, 0x0d, 0x0c, 0x0c, 0x0d, 0x0c,
	0x0c, 0x0d, 0x0c, 0x0c, 0x0d, 0x0c, 0x0c, 0x0d, 0x0c, 0x0c, 0x0d, 0x0c, 0x0c, 0x0d, 0x0c, 0x0c,
	0x0d, 0x0c, 0x0c, 0x0d, 0x0c, 0x0c, 0x0d, 0x0c, 0x0c, 0x0d, 0x0c, 0x0c, 0x0d, 0x0c, 0x0c, 0x0d,
	0x0c, 0x0c, 0x0d, 0x0c, 0x0c, 0x0d, 0x0c, 0x0c, 0x0d, 0x0c, 0x0c, 0x0d, 0x0c, 0x0c, 0x0d, 0x0c,
	0x0c, 0x0d, 0x0c, 0x0c, 0x0d, 0x0c, 0x0c, 0x0d, 0x0c, 0x0c, 0x0d, 0x0c, 0x0c, 0x0d, 0x0c, 0x0c,
	0x0d, 0x0c, 0x0c, 0x0d, 0x0c, 0x0c, 0x0d, 0x03, 0x03, 0x03, 0x00, 0x00, 0x00, 0x00, 0x00, 0x00,
	0x00, 0x00, 0x00, 0x00, 0x00, 0x00, 0x00, 0x00, 0x00, 0x07, 0x07, 0x08, 0x0c, 0x0c, 0x0d, 0x0c,
	0x0c, 0x0d, 0x0c, 0x0c, 0x0d, 0x0c, 0x0c, 0x0d, 0x0c, 0x0c, 0x0d, 0x0c, 0x0c, 0x0d, 0x0c, 0x0c,
	0x0d, 0x0c, 0x0c, 0x0d, 0x0c, 0x0c, 0x0d, 0x0c, 0x0c, 0x0d, 0x0c, 0x0c, 0x0d, 0x0c, 0x0c, 0x0d,
	0x0c, 0x0c, 0x0d, 0x0c, 0x0c, 0x0d, 0x0c, 0x0c, 0x0d, 0x0c, 0x0c, 0x0d, 0x0c, 0x0c, 0x0d, 0x0c,
	0x0c, 0x0d, 0x0c, 0x0c, 0x0d, 0x0c, 0x0c, 0x0d, 0x0c, 0x0c, 0x0d, 0x0c, 0x0c, 0x0d, 0x0c, 0x0c,
	0x0d, 0x0c, 0x0c, 0x0d, 0x0c, 0x0c, 0x0d, 0x0c, 0x0c, 0x0d, 0x0c, 0x0c, 0x0d, 0x0c, 0x0c, 0x0d,
	0x0c, 0x0c, 0x0d, 0x0c, 0x0c, 0x0d, 0x0c, 0x0c, 0x0d, 0x0c, 0x0c, 0x0d, 0x0c, 0x0c, 0x0d, 0x0c,
	0x0c, 0x0d, 0x0c, 0x0c, 0x0d, 0x0c, 0x0c, 0x0d, 0x0c, 0x0c, 0x0d, 0x0c, 0x0c, 0x0d, 0x0c, 0x0c,
	0x0d, 0x0c, 0x0c, 0x0d, 0x0c, 0x0c, 0x0d, 0x0c, 0x0c, 0x0d, 0x0c, 0x0c, 0x0d, 0x0c, 0x0c, 0x0d,
	0x0c, 0x0c, 0x0d, 0x0c, 0x0c, 0x0d, 0x0c, 0x0c, 0x0d, 0x0c, 0x0c, 0x0d, 0x0c, 0x0c, 0x0d, 0x0c,
	0x0c, 0x0d, 0x0c, 0x0c, 0x0d, 0x0c, 0x0c, 0x0d, 0x0c, 0x0c, 0x0d, 0x0c, 0x0c, 0x0d, 0x0c, 0x0c,
	0x0d, 0x0c, 0x0c, 0x0d, 0x0c, 0x0c, 0x0d, 0x0c, 0x0c, 0x0d, 0x0c, 0x0c, 0x0d, 0x0c, 0x0c, 0x0d,
	0x0c, 0x0c, 0x0d, 0x0c, 0x0c, 0x0d, 0x0c, 0x0c, 0x0d, 0x0c, 0x0c, 0x0d, 0x0c, 0x0c, 0x0d, 0x0c,
	0x0c, 0x0d, 0x0c, 0x0c, 0x0d, 0x0c, 0x0c, 0x0d, 0x0c, 0x0c, 0x0d, 0x0c, 0x0c, 0x0d, 0x0c, 0x0c,
	0x0d, 0x0c, 0x0c, 0x0d, 0x07, 0x07, 0x08, 0x00, 0x00, 0x00, 0x00, 0x00, 0x00, 0x00, 0x00, 0x00,
	0x00, 0x00, 0x00, 0x00, 0x00, 0x00, 0x00, 0x00, 0x00, 0x00, 0x00, 0x00, 0x0a, 0x0a, 0x0a, 0x0c,
	0x0c, 0x0d, 0x0c, 0x0c, 0x0d, 0x0c, 0x0c, 0x0d, 0x0c, 0x0c, 0x0d, 0x0c, 0x0c, 0x0d, 0x0c, 0x0c,
	0x0d, 0x0c, 0x0c, 0x0d, 0x0b, 0x0b, 0x0d, 0x0c, 0x0c, 0x0d, 0x0c, 0x0c, 0x0d, 0x0c, 0x0c, 0x0d,
	0x0c, 0x0c, 0x0d, 0x0b, 0x0b, 0x0d, 0x0c, 0x0c, 0x0d, 0x0c, 0x0c, 0x0d, 0x0c, 0x0c, 0x0d, 0x0c,
	0x0c, 0x0d, 0x0b, 0x0b, 0x0d, 0x0c, 0x0c, 0x0d, 0x0c, 0x0c, 0x0d, 0x0c, 0x0c, 0x0d, 0x0c, 0x0c,
	0x0d, 0x0b, 0x0b, 0x0d, 0x0c, 0x0c, 0x0d, 0x0c, 0x0c, 0x0d, 0x0c, 0x0c, 0x0d, 0x0b, 0x0b, 0x0d,
	0x0b, 0x0b, 0x0d, 0x0c, 0x0c, 0x0d, 0x0c, 0x0c, 0x0d, 0x0c, 0x0c, 0x0d, 0x0b, 0x0b, 0x0d, 0x0b,
	0x0b, 0x0d, 0x0c, 0x0c, 0x0d, 0x0c, 0x0c, 0x0d, 0x0c, 0x0c, 0x0d, 0x0b, 0x0b, 0x0d, 0x0b, 0x0b,
	0x0d, 0x0c, 0x0c, 0x0d, 0x0c, 0x0c, 0x0d, 0x0c, 0x0c, 0x0d, 0x0b, 0x0b, 0x0d, 0x0b, 0x0b, 0x0d,
	0x0c, 0x0c, 0x0d, 0x0c, 0x0c, 0x0d, 0x0c, 0x0c, 0x0d, 0x0b, 0x0b, 0x0d, 0x0b, 0x0b, 0x0d, 0x0c,
	0x0c, 0x0d, 0x0c, 0x0c, 0x0d, 0x0c, 0x0c, 0x0d, 0x0c, 0x0c, 0x0d, 0x0b, 0x0b, 0x0d, 0x0b, 0x0b,
	0x0d, 0x0c, 0x0c, 0x0d, 0x0c, 0x0c, 0x0d, 0x0c, 0x0c, 0x0d, 0x0b, 0x0b, 0x0d, 0x0c, 0x0c, 0x0d,
	0x0c, 0x0c, 0x0d, 0x0b, 0x0b, 0x0d, 0x0c, 0x0c, 0x0d, 0x0b, 0x0b, 0x0d, 0x0c, 0x0c, 0x0d, 0x0c,
	0x0c, 0x0d, 0x0b, 0x0b, 0x0d, 0x0c, 0x0c, 0x0d, 0x0c, 0x0c, 0x0d, 0x0c, 0x0c, 0x0d, 0x0c, 0x0c,
	0x0d, 0x0a, 0x0a, 0x0a, 0x00, 0x00, 0x00, 0x00, 0x00, 0x00, 0x00, 0x00, 0x00, 0x00, 0x00, 0x00,
	0x00, 0x00, 0x00, 0x00, 0x00, 0x00, 0x00, 0x00, 0x00, 0x00, 0x00, 0x00, 0x01, 0x01, 0x01, 0x09,
	0x09, 0x0a, 0x0b, 0x0b, 0x0c, 0x0b, 0x0b, 0x0c, 0x0b, 0x0b, 0x0c, 0x0b, 0x0b, 0x0c, 0x0b, 0x0b,
	0x0c, 0x0b, 0x0b, 0x0c, 0x0b, 0x0b, 0x0c, 0x0b, 0x0b, 0x0c, 0x0b, 0x0b, 0x0c, 0x0b, 0x0b, 0x0c,
	0x0b, 0x0b, 0x0c, 0x0b, 0x0b, 0x0c, 0x0b, 0x0b, 0x0c, 0x0b, 0x0b, 0x0c, 0x0b, 0x0b, 0x0c, 0x0b,
	0x0b, 0x0c, 0x0b, 0x0b, 0x0c, 0x0b, 0x0b, 0x0c, 0x0b, 0x0b, 0x0c, 0x0b, 0x0b, 0x0c, 0x0b, 0x0b,
	0x0c, 0x0b, 0x0b, 0x0c, 0x0b, 0x0b, 0x0c, 0x0b, 0x0b, 0x0c, 0x0b, 0x0b, 0x0c, 0x0b, 0x0b, 0x0c,
	0x0b, 0x0b, 0x0c, 0x0b, 0x0b, 0x0c, 0x0b, 0x0b, 0x0c, 0x0b, 0x0b, 0x0c, 0x0b, 0x0b, 0x0c, 0x0b,
	0x0b, 0x0c, 0x0b, 0x0b, 0x0c, 0x0b, 0x0b, 0x0c, 0x0b, 0x0b, 0x0c, 0x0b, 0x0b, 0x0c, 0x0b, 0x0b,
	0x0c, 0x0b, 0x0b, 0x0c, 0x0b, 0x0b, 0x0c, 0x0b, 0x0b, 0x0c, 0x0b, 0x0b, 0x0c, 0x0b, 0x0b, 0x0c,
	0x0b, 0x0b, 0x0c, 0x0b, 0x0b, 0x0c, 0x0b, 0x0b, 0x0c, 0x0b, 0x0b, 0x0c, 0x0b, 0x0b, 0x0c, 0x0b,
	0x0b, 0x0c, 0x0b, 0x0b, 0x0c, 0x0b, 0x0b, 0x0c, 0x0b, 0x0b, 0x0c, 0x0b, 0x0b, 0x0c, 0x0b, 0x0b,
	0x0c, 0x0b, 0x0b, 0x0c, 0x0b, 0x0b, 0x0c, 0x0b, 0x0b, 0x0c, 0x0b, 0x0b, 0x0c, 0x0b, 0x0b, 0x0c,
	0x0b, 0x0b, 0x0c, 0x0b, 0x0b, 0x0c, 0x0b, 0x0b, 0x0d, 0x0b, 0x0b, 0x0c, 0x0b, 0x0b, 0x0c, 0x0b,
	0x0b, 0x0c, 0x0b, 0x0b, 0x0c, 0x0b, 0x0b, 0x0d, 0x0b, 0x0b, 0x0c, 0x0b, 0x0b, 0x0c, 0x09, 0x09,
	0x0a, 0x01, 0x01, 0x01, 0x00, 0x00, 0x00, 0x00, 0x00, 0x00, 0x00, 0x00, 0x00, 0x00, 0x00, 0x00,
	0x00, 0x00, 0x00, 0x00, 0x00, 0x00, 0x00, 0x00, 0x00, 0x00, 0x00, 0x00, 0x00, 0x00, 0x00, 0x01,
	0x01, 0x01, 0x09, 0x09, 0x0a, 0x0b, 0x0b, 0x0c, 0x0b, 0x0b, 0x0c, 0x0b, 0x0b, 0x0c, 0x0b, 0x0b,
	0x0c, 0x0b, 0x0b, 0x0c, 0x0b, 0x0b, 0x0c, 0x0b, 0x0b, 0x0c, 0x0b, 0x0b, 0x0c, 0x0b, 0x0b, 0x0c,
	0x0b, 0x0b, 0x0c, 0x0b, 0x0b, 0x0c, 0x0b, 0x0b, 0x0c, 0x0b, 0x0b, 0x0c, 0x0b, 0x0b, 0x0c, 0x0b,
	0x0b, 0x0c, 0x0b, 0x0b, 0x0c, 0x0b, 0x0b, 0x0c, 0x0b, 0x0b, 0x0c, 0x0b, 0x0b, 0x0c, 0x0b, 0x0b,
	0x0c, 0x0b, 0x0b, 0x0c, 0x0b, 0x0b, 0x0c, 0x0b, 0x0b, 0x0c, 0x0b, 0x0b, 0x0c, 0x0b, 0x0b, 0x0c,
	0x0b, 0x0b, 0x0c, 0x0b, 0x0b, 0x0c, 0x0b, 0x0b, 0x0c, 0x0b, 0x0b, 0x0c, 0x0b, 0x0b, 0x0c, 0x0b,
	0x0b, 0x0c, 0x0b, 0x0b, 0x0c, 0x0b, 0x0b, 0x0c, 0x0b, 0x0b, 0x0c, 0x0b, 0x0b, 0x0c, 0x0b, 0x0b,
	0x0c, 0x0b, 0x0b, 0x0c, 0x0b, 0x0b, 0x0c, 0x0b, 0x0b, 0x0c, 0x0b, 0x0b, 0x0c, 0x0b, 0x0b, 0x0c,
	0x0b, 0x0b, 0x0c, 0x0b, 0x0b, 0x0c, 0x0b, 0x0b, 0x0c, 0x0b, 0x0b, 0x0c, 0x0b, 0x0b, 0x0c, 0x0b,
	0x0b, 0x0c, 0x0b, 0x0b, 0x0c, 0x0b, 0x0b, 0x0c, 0x0b, 0x0b, 0x0c, 0x0b, 0x0b, 0x0c, 0x0b, 0x0b,
	0x0c, 0x0b, 0x0b, 0x0c, 0x0b, 0x0b, 0x0c, 0x0b, 0x0b, 0x0c, 0x0b, 0x0b, 0x0c, 0x0b, 0x0b, 0x0c,
	0x0b, 0x0b, 0x0c, 0x0b, 0x0b, 0x0c, 0x0b, 0x0b, 0x0c, 0x0b, 0x0b, 0x0c, 0x0b, 0x0b, 0x0c, 0x0b,
	0x0b, 0x0c, 0x0b, 0x0b, 0x0c, 0x0b, 0x0b, 0x0c, 0x0b, 0x0b, 0x0c, 0x09, 0x09, 0x0a, 0x01, 0x01,
	0x01, 0x00, 0x00, 0x00, 0x00, 0x00, 0x00, 0x00, 0x00, 0x00, 0x00, 0x00, 0x00, 0x00, 0x00, 0x00,
	0x00, 0x00, 0x00, 0x00, 0x00, 0x00, 0x00, 0x00, 0x00, 0x00, 0x00, 0x00, 0x00, 0x00, 0x00, 0x00,
	0x00, 0x00, 0x00, 0x00, 0x00, 0x07, 0x07, 0x07, 0x0b, 0x0b, 0x0c, 0x0b, 0x0b, 0x0c, 0x0b, 0x0b,
	0x0c, 0x0b, 0x0b, 0x0c, 0x0b, 0x0b, 0x0c, 0x0b, 0x0b, 0x0c, 0x0b, 0x0b, 0x0c, 0x0b, 0x0b, 0x0c,
	0x0b, 0x0b, 0x0c, 0x0b, 0x0b, 0x0c, 0x0b, 0x0b, 0x0c, 0x0b, 0x0b, 0x0c, 0x0b, 0x0b, 0x0c, 0x0b,
	0x0b, 0x0c, 0x0b, 0x0b, 0x0c, 0x0b, 0x0b, 0x0c, 0x0b, 0x0b, 0x0c, 0x0b, 0x0b, 0x0c, 0x0b, 0x0b,
	0x0c, 0x0b, 0x0b, 0x0c, 0x0b, 0x0b, 0x0c, 0x0b, 0x0b, 0x0c, 0x0b, 0x0b, 0x0c, 0x0b, 0x0b, 0x0c,
	0x0b, 0x0b, 0x0c, 0x0b, 0x0b, 0x0c, 0x0b, 0x0b, 0x0c, 0x0b, 0x0b, 0x0c, 0x0b, 0x0b, 0x0c, 0x0b,
	0x0b, 0x0c, 0x0b, 0x0b, 0x0c, 0x0b, 0x0b, 0x0c, 0x0b, 0x0b, 0x0c, 0x0b, 0x0b, 0x0c, 0x0b, 0x0b,
	0x0c, 0x0b, 0x0b, 0x0c, 0x0b, 0x0b, 0x0c, 0x0b, 0x0b, 0x0c, 0x0b, 0x0b, 0x0c, 0x0b, 0x0b, 0x0c,
	0x0b, 0x0b, 0x0c, 0x0b, 0x0b, 0x0c, 0x0b, 0x0b, 0x0c, 0x0b, 0x0b, 0x0c, 0x0b, 0x0b, 0x0c, 0x0b,
	0x0b, 0x0c, 0x0b, 0x0b, 0x0c, 0x0b, 0x0b, 0x0c, 0x0b, 0x0b, 0x0c, 0x0b, 0x0b, 0x0c, 0x0b, 0x0b,
	0x0c, 0x0b, 0x0b, 0x0c, 0x0b, 0x0b, 0x0c, 0x0b, 0x0b, 0x0c, 0x0b, 0x0b, 0x0c, 0x0b, 0x0b, 0x0c,
	0x0b, 0x0b, 0x0c, 0x0b, 0x0b, 0x0c, 0x0b, 0x0b, 0x0c, 0x0b, 0x0b, 0x0c, 0x0b, 0x0b, 0x0c, 0x0b,
	0x0b, 0x0c, 0x0b, 0x0b, 0x0c, 0x0b, 0x0b, 0x0c, 0x07, 0x07, 0x07, 0x00, 0x00, 0x00, 0x00, 0x00,
	0x00, 0x00, 0x00, 0x00, 0x00, 0x00, 0x00, 0x00, 0x00, 0x00, 0x00, 0x00, 0x00, 0x00, 0x00, 0x00,
	0x00, 0x00, 0x00, 0x00, 0x00, 0x00, 0x00, 0x00, 0x00, 0x00, 0x00, 0x00, 0x00, 0x00, 0x00, 0x00,
	0x00, 0x00, 0x00, 0x00, 0x00, 0x00, 0x00, 0x00, 0x03, 0x03, 0x03, 0x09, 0x09, 0x0a, 0x0b, 0x0b,
	0x0c, 0x0b, 0x0b, 0x0c, 0x0b, 0x0b, 0x0c, 0x0b, 0x0b, 0x0c, 0x0b, 0x0b, 0x0c, 0x0b, 0x0b, 0x0c,
	0x0a, 0x0a, 0x0c, 0x0a, 0x0a, 0x0c, 0x0b, 0x0b, 0x0c, 0x0b, 0x0b, 0x0c, 0x0b, 0x0b, 0x0c, 0x0b,
	0x0b, 0x0c, 0x0a, 0x0a, 0x0c, 0x0b, 0x0b, 0x0c, 0x0b, 0x0b, 0x0c, 0x0b, 0x0b, 0x0c, 0x0b, 0x0b,
	0x0c, 0x0a, 0x0a, 0x0c, 0x0b, 0x0b, 0x0c, 0x0b, 0x0b, 0x0c, 0x0b, 0x0b, 0x0c, 0x0a, 0x0a, 0x0c,
	0x0a, 0x0a, 0x0c, 0x0b, 0x0b, 0x0c, 0x0a, 0x0a, 0x0c, 0x0b, 0x0b, 0x0c, 0x0a, 0x0a, 0x0c, 0x0a,
	0x0a, 0x0c, 0x0b, 0x0b, 0x0c, 0x0a, 0x0a, 0x0c, 0x0b, 0x0b, 0x0c, 0x0a, 0x0a, 0x0c, 0x0a, 0x0a,
	0x0b, 0x0b, 0x0b, 0x0c, 0x0a, 0x0a, 0x0c, 0x0b, 0x0b, 0x0c, 0x0a, 0x0a, 0x0c, 0x0a, 0x0a, 0x0b,
	0x0b, 0x0b, 0x0c, 0x0b, 0x0b, 0x0c, 0x0b, 0x0b, 0x0c, 0x0a, 0x0a, 0x0c, 0x0a, 0x0a, 0x0b, 0x0b,
	0x0b, 0x0c, 0x0b, 0x0b, 0x0c, 0x0b, 0x0b, 0x0c, 0x0a, 0x0a, 0x0c, 0x0a, 0x0a, 0x0b, 0x0b, 0x0b,
	0x0c, 0x0b, 0x0b, 0x0c, 0x0b, 0x0b, 0x0c, 0x0b, 0x0b, 0x0c, 0x0a, 0x0a, 0x0b, 0x0b, 0x0b, 0x0c,
	0x0b, 0x0b, 0x0c, 0x0a, 0x0a, 0x0b, 0x0b, 0x0b, 0x0c, 0x0a, 0x0a, 0x0b, 0x0b, 0x0b, 0x0c, 0x0b,
	0x0b, 0x0c, 0x08, 0x08, 0x09, 0x03, 0x03, 0x03, 0x00, 0x00, 0x00, 0x00, 0x00, 0x00, 0x00, 0x00,
	0x00, 0x00, 0x00, 0x00, 0x00, 0x00, 0x00, 0x00, 0x00, 0x00, 0x00, 0x00, 0x00, 0x00, 0x00, 0x00,
	0x00, 0x00, 0x00, 0x00, 0x00, 0x00, 0x00, 0x00, 0x00, 0x00, 0x00, 0x00, 0x00, 0x00, 0x00, 0x00,
	0x00, 0x00, 0x00, 0x00, 0x00, 0x00, 0x00, 0x00, 0x00, 0x00, 0x00, 0x00, 0x00, 0x00, 0x03, 0x03,
	0x04, 0x08, 0x08, 0x08, 0x0a, 0x0a, 0x0b, 0x0a, 0x0a, 0x0b, 0x0a, 0x0a, 0x0b, 0x0a, 0x0a, 0x0b,
	0x0a, 0x0a, 0x0b, 0x0a, 0x0a, 0x0b, 0x0a, 0x0a, 0x0b, 0x0a, 0x0a, 0x0b, 0x0a, 0x0a, 0x0b, 0x0a,
	0x0a, 0x0b, 0x0a, 0x0a, 0x0b, 0x0a, 0x0a, 0x0b, 0x0a, 0x0a, 0x0b, 0x0a, 0x0a, 0x0b, 0x0a, 0x0a,
	0x0b, 0x0a, 0x0a, 0x0b, 0x0a, 0x0a, 0x0b, 0x0a, 0x0a, 0x0b, 0x0a, 0x0a, 0x0b, 0x0a, 0x0a, 0x0b,
	0x0a, 0x0a, 0x0b, 0x0a, 0x0a, 0x0b, 0x0a, 0x0a, 0x0b, 0x0a, 0x0a, 0x0b, 0x0a, 0x0a, 0x0b, 0x0a,
	0x0a, 0x0b, 0x0a, 0x0a, 0x0b, 0x0a, 0x0a, 0x0b, 0x0a, 0x0a, 0x0b, 0x0a, 0x0a, 0x0b, 0x0a, 0x0a,
	0x0b, 0x0a, 0x0a, 0x0b, 0x0a, 0x0a, 0x0b, 0x0a, 0x0a, 0x0b, 0x0a, 0x0a, 0x0b, 0x0a, 0x0a, 0x0b,
	0x0a, 0x0a, 0x0b, 0x0a, 0x0a, 0x0b, 0x0a, 0x0a, 0x0b, 0x0a, 0x0a, 0x0b, 0x0a, 0x0a, 0x0b, 0x0a,
	0x0a, 0x0b, 0x0a, 0x0a, 0x0b, 0x0a, 0x0a, 0x0b, 0x0a, 0x0a, 0x0b, 0x0a, 0x0a, 0x0b, 0x0a, 0x0a,
	0x0b, 0x0a, 0x0a, 0x0b, 0x0a, 0x0a, 0x0b, 0x0a, 0x0a, 0x0b, 0x0a, 0x0a, 0x0b, 0x0a, 0x0a, 0x0b,
	0x0a, 0x0a, 0x0b, 0x0a, 0x0a, 0x0b, 0x0a, 0x0a, 0x0b, 0x0a, 0x0a, 0x0b, 0x08, 0x08, 0x08, 0x03,
	0x03, 0x04, 0x00, 0x00, 0x00, 0x00, 0x00, 0x00, 0x00, 0x00, 0x00, 0x00, 0x00, 0x00, 0x00, 0x00,
	0x00, 0x00, 0x00, 0x00, 0x00, 0x00, 0x00, 0x00, 0x00, 0x00, 0x00, 0x00, 0x00, 0x00, 0x00, 0x00,
	0x00, 0x00, 0x00, 0x00, 0x00, 0x00, 0x00, 0x00, 0x00, 0x00, 0x00, 0x00, 0x00, 0x00, 0x00, 0x00,
	0x00, 0x00, 0x00, 0x00, 0x00, 0x00, 0x00, 0x00, 0x00, 0x00, 0x00, 0x00, 0x00, 0x00, 0x00, 0x00,
	0x00, 0x00, 0x00, 0x00, 0x01, 0x01, 0x01, 0x04, 0x04, 0x04, 0x06, 0x06, 0x07, 0x08, 0x08, 0x09,
	0x09, 0x09, 0x0a, 0x0a, 0x0a, 0x0b, 0x0a, 0x0a, 0x0b, 0x0a, 0x0a, 0x0b, 0x0a, 0x0a, 0x0b, 0x0a,
	0x0a, 0x0b, 0x0a, 0x0a, 0x0b, 0x0a, 0x0a, 0x0b, 0x0a, 0x0a, 0x0b, 0x0a, 0x0a, 0x0b, 0x0a, 0x0a,
	0x0b, 0x0a, 0x0a, 0x0b, 0x0a, 0x0a, 0x0b, 0x0a, 0x0a, 0x0b, 0x0a, 0x0a, 0x0b, 0x0a, 0x0a, 0x0b,
	0x0a, 0x0a, 0x0b, 0x0a, 0x0a, 0x0b, 0x0a, 0x0a, 0x0b, 0x0a, 0x0a, 0x0b, 0x0a, 0x0a, 0x0b, 0x0a,
	0x0a, 0x0b, 0x0a, 0x0a, 0x0b, 0x0a, 0x0a, 0x0b, 0x0a, 0x0a, 0x0b, 0x0a, 0x0a, 0x0b, 0x0a, 0x0a,
	0x0b, 0x0a, 0x0a, 0x0b, 0x0a, 0x0a, 0x0b, 0x0a, 0x0a, 0x0b, 0x0a, 0x0a, 0x0b, 0x0a, 0x0a, 0x0b,
	0x0a, 0x0a, 0x0b, 0x0a, 0x0a, 0x0b, 0x0a, 0x0a, 0x0b, 0x0a, 0x0a, 0x0b, 0x0a, 0x0a, 0x0b, 0x0a,
	0x0a, 0x0b, 0x0a, 0x0a, 0x0b, 0x0a, 0x0a, 0x0b, 0x0a, 0x0a, 0x0b, 0x0a, 0x0a, 0x0b, 0x0a, 0x0a,
	0x0b, 0x0a, 0x0a, 0x0b, 0x0a, 0x0a, 0x0b, 0x0a, 0x0a, 0x0b, 0x0a, 0x0a, 0x0b, 0x09, 0x09, 0x0a,
	0x08, 0x08, 0x09, 0x06, 0x06, 0x07, 0x04, 0x04, 0x04, 0x01, 0x01, 0x01, 0x00, 0x00, 0x00, 0x00,
	0x00, 0x00, 0x00, 0x00, 0x00, 0x00, 0x00, 0x00, 0x00, 0x00, 0x00, 0x00, 0x00, 0x00, 0x00, 0x00,
	0x00, 0x00, 0x00, 0x00, 0x00, 0x00, 0x00, 0x00, 0x00, 0x00, 0x00, 0x00, 0x00, 0x00, 0x00, 0x00,
};
